day,hour,type,transactions,amount,fraud_transactions,fraud_amount,alerts,alerts_confirmed_fraud,false_alarms,fraud_missed,fraud_amount_caught
1,0,CASH_IN,527,85500789.61000006,0,0.0,0,0,0,0,0.0
1,0,CASH_OUT,388,66629775.940000035,9,2144545.49,7,7,0,2,1595701.5199999998
1,0,DEBIT,148,663632.3299999996,0,0.0,0,0,0,0,0.0
1,0,PAYMENT,1369,8337616.689999998,0,0.0,0,0,0,0,0.0
1,0,TRANSFER,276,124297366.57999995,7,1595701.5199999998,39,7,32,0,1595701.5199999998
1,1,CASH_IN,203,32496559.82,0,0.0,0,0,0,0,0.0
1,1,CASH_OUT,104,15942243.380000006,4,2093296.24,4,4,0,0,2093296.24
1,1,DEBIT,71,240648.4699999999,0,0.0,0,0,0,0,0.0
1,1,PAYMENT,555,3937091.690000003,0,0.0,0,0,0,0,0.0
1,1,TRANSFER,81,33305060.660000004,4,2093296.24,11,4,7,0,2093296.24
1,2,CASH_IN,124,21176788.56,0,0.0,0,0,0,0,0.0
1,2,CASH_OUT,52,4834670.579999998,2,33416.37,2,2,0,0,33416.37
1,2,DEBIT,25,96379.84999999999,0,0.0,0,0,0,0,0.0
1,2,PAYMENT,316,3011608.8000000007,0,0.0,0,0,0,0,0.0
1,2,TRANSFER,35,14174436.630000003,2,33416.37,6,2,4,0,33416.37
1,3,CASH_IN,136,23541190.43000001,0,0.0,0,0,0,0,0.0
1,3,CASH_OUT,77,22721281.610000014,5,13200137.45,5,5,0,0,13200137.45
1,3,DEBIT,16,11476.220000000001,0,0.0,0,0,0,0,0.0
1,3,PAYMENT,294,1262506.1199999996,0,0.0,0,0,0,0,0.0
1,3,TRANSFER,42,25373574.19,5,13200137.45,10,5,5,0,13200137.45
1,4,CASH_IN,131,25071346.06,0,0.0,0,0,0,0,0.0
1,4,CASH_OUT,61,10303008.599999998,3,190920.77,3,3,0,0,190920.77
1,4,DEBIT,24,47601.619999999995,0,0.0,0,0,0,0,0.0
1,4,PAYMENT,419,2644895.459999998,0,0.0,0,0,0,0,0.0
1,4,TRANSFER,30,7481238.01,3,190920.77,6,3,3,0,190920.77
1,5,CASH_IN,300,52998161.49000001,0,0.0,0,0,0,0,0.0
1,5,CASH_OUT,174,30301591.549999997,11,487434.83999999997,11,11,0,0,487434.83999999997
1,5,DEBIT,21,69496.59000000001,0,0.0,0,0,0,0,0.0
1,5,PAYMENT,1003,12249798.459999997,0,0.0,0,0,0,0,0.0
1,5,TRANSFER,162,68691503.12999994,11,487434.83999999997,29,11,18,0,487434.83999999997
1,6,CASH_IN,1002,166049774.39999983,0,0.0,0,0,0,0,0.0
1,6,CASH_OUT,1155,204636174.52999997,6,6207347.03,7,6,1,0,6207347.03
1,6,DEBIT,107,387519.67,0,0.0,0,0,0,0,0.0
1,6,PAYMENT,3821,29722267.250000056,0,0.0,0,0,0,0,0.0
1,6,TRANSFER,752,432135078.3899999,6,6207347.03,125,6,119,0,6207347.03
1,7,CASH_IN,3953,651968262.8500003,0,0.0,0,0,0,0,0.0
1,7,CASH_OUT,6137,1096585316.379997,6,346377.38,18,5,13,1,164649.27000000002
1,7,DEBIT,148,507625.64000000013,0,0.0,0,0,0,0,0.0
1,7,PAYMENT,8882,84876354.0499999,0,0.0,0,0,0,0,0.0
1,7,TRANSFER,1977,1605664848.429999,6,1242663.03,7,5,2,1,164649.27000000002
1,8,CASH_IN,8087,1388800804.7999995,0,0.0,0,0,0,0,0.0
1,8,CASH_OUT,13184,2533949644.4100027,9,5241088.51,43,9,34,0,5241088.51
1,8,DEBIT,229,1119875.6799999997,0,0.0,0,0,0,0,0.0
1,8,PAYMENT,13105,168557968.82999972,0,0.0,0,0,0,0,0.0
1,8,TRANSFER,3023,2915950945.7099943,10,6235541.71,14,9,5,1,5241088.51
1,9,CASH_IN,7518,1398498808.7999995,0,0.0,0,0,0,0,0.0
1,9,CASH_OUT,12516,2629174024.5799932,6,3606974.3,14,5,9,1,3329003.42
1,9,DEBIT,275,1231411.27,0,0.0,0,0,0,0,0.0
1,9,PAYMENT,12764,151899799.90999964,0,0.0,0,0,0,0,0.0
1,9,TRANSFER,2918,2943410849.149993,5,3329003.42,6,5,1,0,3329003.42
1,10,CASH_IN,7841,1435300434.179998,0,0.0,0,0,0,0,0.0
1,10,CASH_OUT,13081,2822789751.319996,3,327979.28,18,3,15,0,327979.28
1,10,DEBIT,278,1546801.46,0,0.0,0,0,0,0,0.0
1,10,PAYMENT,13054,173497410.09000006,0,0.0,0,0,0,0,0.0
1,10,TRANSFER,2987,2581932080.960001,4,2261900.08,5,3,2,1,327979.28
1,11,CASH_IN,7684,1480154005.309992,0,0.0,0,0,0,0,0.0
1,11,CASH_OUT,13111,2747818497.9100037,8,7474118.0600000005,35,6,29,2,7102400.69
1,11,DEBIT,255,8944374.100000007,0,0.0,0,0,0,0,0.0
1,11,PAYMENT,12142,164235951.54999986,0,0.0,0,0,0,0,0.0
1,11,TRANSFER,2961,2353131975.8799996,6,7102400.69,7,6,1,0,7102400.69
1,12,CASH_IN,8131,1543245212.549995,0,0.0,0,0,0,0,0.0
1,12,CASH_OUT,13892,2794368231.1200213,7,14562884.620000001,16,6,10,1,14108025.23
1,12,DEBIT,217,899031.1499999998,0,0.0,0,0,0,0,0.0
1,12,PAYMENT,12075,171257206.00000077,0,0.0,0,0,0,0,0.0
1,12,TRANSFER,3200,2337771319.1499934,7,14231220.18,7,6,1,1,14108025.23
1,13,CASH_IN,9140,1624930275.8799984,0,0.0,0,0,0,0,0.0
1,13,CASH_OUT,15984,3110507762.659997,6,8623687.75,34,6,28,0,8623687.75
1,13,DEBIT,190,958296.4700000001,0,0.0,0,0,0,0,0.0
1,13,PAYMENT,12758,130047919.84999987,0,0.0,0,0,0,0,0.0
1,13,TRANSFER,3413,2007742678.7600012,6,8623687.75,7,6,1,0,8623687.75
1,14,CASH_IN,9939,1714817153.7900043,0,0.0,0,0,0,0,0.0
1,14,CASH_OUT,17447,3322879186.6300035,11,2391982.33,27,9,18,2,2256840.73
1,14,DEBIT,258,1215836.7900000005,0,0.0,0,0,0,0,0.0
1,14,PAYMENT,13381,149756881.07999912,0,0.0,0,0,0,0,0.0
1,14,TRANSFER,3584,1995054148.2400024,9,2256840.73,11,9,2,0,2256840.73
1,15,CASH_IN,9928,1746535418.5800035,0,0.0,0,0,0,0,0.0
1,15,CASH_OUT,16308,3083640556.9400043,5,5881551.720000001,32,5,27,0,5881551.720000001
1,15,DEBIT,248,968802.6399999999,0,0.0,0,0,0,0,0.0
1,15,PAYMENT,12598,154097525.9799995,0,0.0,0,0,0,0,0.0
1,15,TRANSFER,3389,1974842387.0100021,5,5881551.720000001,8,5,3,0,5881551.720000001
1,16,CASH_IN,9897,1678635811.5300028,0,0.0,0,0,0,0,0.0
1,16,CASH_OUT,16645,3028075622.349997,4,2182717.85,13,3,10,1,2140655.0300000003
1,16,DEBIT,315,1600335.0100000002,0,0.0,0,0,0,0,0.0
1,16,PAYMENT,13014,166623077.16000032,0,0.0,0,0,0,0,0.0
1,16,TRANSFER,3490,2241390886.2200003,3,2140655.0300000003,5,3,2,0,2140655.0300000003
1,17,CASH_IN,11197,1809671395.069996,0,0.0,0,0,0,0,0.0
1,17,CASH_OUT,19440,3194588665.3199863,9,5667624.71,30,7,23,2,4844590.93
1,17,DEBIT,314,1233864.9299999995,0,0.0,0,0,0,0,0.0
1,17,PAYMENT,14738,160226377.9399999,0,0.0,0,0,0,0,0.0
1,17,TRANSFER,3890,2089351275.0000014,7,4844590.93,7,7,0,0,4844590.93
1,18,CASH_IN,11875,1868721005.9699938,0,0.0,0,0,0,0,0.0
1,18,CASH_OUT,19822,3072409624.4199934,6,15766147.85,38,5,33,1,15644046.280000001
1,18,DEBIT,420,1428266.3499999996,0,0.0,0,0,0,0,0.0
1,18,PAYMENT,15289,147910524.36999977,0,0.0,0,0,0,0,0.0
1,18,TRANSFER,3946,2013377108.8600016,5,15644046.280000001,5,5,0,0,15644046.280000001
1,19,CASH_IN,8961,1342679682.329995,0,0.0,0,0,0,0,0.0
1,19,CASH_OUT,14503,2082739610.3300018,2,464639.88,21,2,19,0,464639.88
1,19,DEBIT,319,1717238.2499999995,0,0.0,0,0,0,0,0.0
1,19,PAYMENT,13802,126097823.00000016,0,0.0,0,0,0,0,0.0
1,19,TRANSFER,3040,1620696608.0200005,2,464639.88,2,2,0,0,464639.88
1,20,CASH_IN,3772,548880768.6799991,0,0.0,0,0,0,0,0.0
1,20,CASH_OUT,5657,834013339.7099997,3,966914.64,2,2,0,1,943622.34
1,20,DEBIT,218,1176643.3300000005,0,0.0,0,0,0,0,0.0
1,20,PAYMENT,7924,68622262.29000007,0,0.0,0,0,0,0,0.0
1,20,TRANSFER,1581,787140141.3700013,2,943622.34,2,2,0,0,943622.34
1,21,CASH_IN,2345,370032352.4500002,0,0.0,0,0,0,0,0.0
1,21,CASH_OUT,2919,474920852.8500007,12,5759342.85,12,11,1,1,5669771.389999999
1,21,DEBIT,212,1325136.0499999998,0,0.0,0,0,0,0,0.0
1,21,PAYMENT,6101,56327474.79999987,0,0.0,0,0,0,0,0.0
1,21,TRANSFER,1058,553543028.52,11,5669771.389999999,11,11,0,0,5669771.389999999
1,22,CASH_IN,840,141310397.92000005,0,0.0,0,0,0,0,0.0
1,22,CASH_OUT,1146,199875324.36999974,1,146127.1,1,1,0,0,146127.1
1,22,DEBIT,71,220436.15999999997,0,0.0,0,0,0,0,0.0
1,22,PAYMENT,3545,38096012.509999946,0,0.0,0,0,0,0,0.0
1,22,TRANSFER,542,277615800.27000004,1,146127.1,1,1,0,0,146127.1
1,23,CASH_IN,495,87103032.04000002,0,0.0,0,0,0,0,0.0
1,23,CASH_OUT,594,110810265.93999994,3,1285026.98,3,3,0,0,1285026.98
1,23,DEBIT,91,311853.4699999999,0,0.0,0,0,0,0,0.0
1,23,PAYMENT,1727,19133672.13999997,0,0.0,0,0,0,0,0.0
1,23,TRANSFER,309,174804220.4600002,3,1285026.98,3,3,0,0,1285026.98
2,0,CASH_IN,276,49942785.82999999,0,0.0,0,0,0,0,0.0
2,0,CASH_OUT,246,46765734.43,9,4116662.9800000004,9,9,0,0,4116662.9800000004
2,0,DEBIT,50,354589.10000000003,0,0.0,0,0,0,0,0.0
2,0,PAYMENT,917,8501799.130000006,0,0.0,0,0,0,0,0.0
2,0,TRANSFER,109,85105901.1,9,4116662.9800000004,42,9,33,0,4116662.9800000004
2,1,CASH_IN,129,21161287.260000005,0,0.0,0,0,0,0,0.0
2,1,CASH_OUT,78,16676090.03,6,3490157.4499999997,6,6,0,0,3490157.4499999997
2,1,DEBIT,5,5714.91,0,0.0,0,0,0,0,0.0
2,1,PAYMENT,194,970195.3900000006,0,0.0,0,0,0,0,0.0
2,1,TRANSFER,34,15014460.26,6,3490157.4499999997,8,6,2,0,3490157.4499999997
2,2,CASH_OUT,14,4807049.459999999,4,2538476.63,4,4,0,0,2538476.63
2,2,PAYMENT,18,90481.73999999998,0,0.0,0,0,0,0,0.0
2,2,TRANSFER,9,5651531.63,4,2538476.63,5,4,1,0,2538476.63
2,3,CASH_OUT,2,4323576.109999999,2,4323576.109999999,2,2,0,0,4323576.109999999
2,3,TRANSFER,2,4323576.109999999,2,4323576.109999999,2,2,0,0,4323576.109999999
2,4,CASH_OUT,2,608840.23,2,608840.23,2,2,0,0,608840.23
2,4,TRANSFER,2,608840.23,2,608840.23,2,2,0,0,608840.23
2,5,CASH_OUT,4,487600.45999999996,4,487600.45999999996,4,4,0,0,487600.45999999996
2,5,TRANSFER,4,487600.45999999996,4,487600.45999999996,4,4,0,0,487600.45999999996
2,6,CASH_OUT,6,6463564.0200000005,6,6463564.0200000005,6,6,0,0,6463564.0200000005
2,6,TRANSFER,6,6463564.0200000005,6,6463564.0200000005,6,6,0,0,6463564.0200000005
2,7,CASH_OUT,6,4680910.04,6,4680910.04,6,6,0,0,4680910.04
2,7,TRANSFER,6,4680910.04,6,4680910.04,6,6,0,0,4680910.04
2,8,CASH_IN,5642,977936068.2600006,0,0.0,0,0,0,0,0.0
2,8,CASH_OUT,7997,1552509172.0600002,6,31495043.08,7,6,1,0,31495043.08
2,8,DEBIT,95,420153.3700000001,0,0.0,0,0,0,0,0.0
2,8,PAYMENT,7792,82661437.16999999,0,0.0,0,0,0,0,0.0
2,8,TRANSFER,2090,1621799703.7699988,6,31495043.08,6,6,0,0,31495043.08
2,9,CASH_IN,7084,1208102545.2300017,0,0.0,0,0,0,0,0.0
2,9,CASH_OUT,11261,2283627182.7799897,11,5037395.93,19,11,8,0,5037395.93
2,9,DEBIT,149,472993.8400000002,0,0.0,0,0,0,0,0.0
2,9,PAYMENT,9777,126919326.0600007,0,0.0,0,0,0,0,0.0
2,9,TRANSFER,2633,1891001086.440003,11,5037395.93,12,11,1,0,5037395.93
2,10,CASH_IN,6620,1154726075.8000011,0,0.0,0,0,0,0,0.0
2,10,CASH_OUT,10533,2095785967.5800014,8,14543221.950000001,14,7,7,1,14430941.07
2,10,DEBIT,84,226420.71999999997,0,0.0,0,0,0,0,0.0
2,10,PAYMENT,9379,118587983.45999995,0,0.0,0,0,0,0,0.0
2,10,TRANSFER,2541,1926517219.79,7,14430941.07,8,7,1,0,14430941.07
2,11,CASH_IN,8579,1530614081.4499986,0,0.0,0,0,0,0,0.0
2,11,CASH_OUT,15525,3080487267.6199913,10,6553335.53,20,9,11,1,6318958.24
2,11,DEBIT,118,338575.2100000001,0,0.0,0,0,0,0,0.0
2,11,PAYMENT,12086,191027137.3200005,0,0.0,0,0,0,0,0.0
2,11,TRANSFER,3466,2029746498.309994,9,6318958.24,9,9,0,0,6318958.24
2,12,CASH_IN,7450,1340350661.1899996,0,0.0,0,0,0,0,0.0
2,12,CASH_OUT,13131,2541774478.519999,7,6999861.6,19,6,13,1,6887375.14
2,12,DEBIT,144,674028.8400000003,0,0.0,0,0,0,0,0.0
2,12,PAYMENT,10416,152353928.76,0,0.0,0,0,0,0,0.0
2,12,TRANSFER,2859,1926867381.8499968,6,6887375.14,6,6,0,0,6887375.14
2,13,CASH_IN,7015,1247569666.7199988,0,0.0,0,0,0,0,0.0
2,13,CASH_OUT,12004,2347358596.9699993,9,9477627.110000001,9,7,2,2,8493202.350000001
2,13,DEBIT,152,652321.3799999997,0,0.0,0,0,0,0,0.0
2,13,PAYMENT,9720,97613785.71000023,0,0.0,0,0,0,0,0.0
2,13,TRANSFER,2562,1549153408.6900022,7,8493202.350000001,7,7,0,0,8493202.350000001
2,14,CASH_IN,5506,940584138.9399987,0,0.0,0,0,0,0,0.0
2,14,CASH_OUT,8396,1650151000.2099962,6,10457428.430000002,18,6,12,0,10457428.430000002
2,14,DEBIT,98,299262.6199999999,0,0.0,0,0,0,0,0.0
2,14,PAYMENT,7279,75966302.47999997,0,0.0,0,0,0,0,0.0
2,14,TRANSFER,2112,1110662619.0300024,6,10457428.430000002,7,6,1,0,10457428.430000002
2,15,CASH_IN,7542,1326524315.780001,0,0.0,0,0,0,0,0.0
2,15,CASH_OUT,13055,2510366383.820009,7,9245900.28,16,7,9,0,9245900.28
2,15,DEBIT,160,452020.82999999996,0,0.0,0,0,0,0,0.0
2,15,PAYMENT,10507,119988759.17999926,0,0.0,0,0,0,0,0.0
2,15,TRANSFER,3006,1653431569.430003,7,9245900.28,7,7,0,0,9245900.28
2,16,CASH_IN,8236,1435192196.2799995,0,0.0,0,0,0,0,0.0
2,16,CASH_OUT,13929,2618061805.1600027,6,6636562.45,14,6,8,0,6636562.45
2,16,DEBIT,162,1059432.07,0,0.0,0,0,0,0,0.0
2,16,PAYMENT,11007,110667994.15999986,0,0.0,0,0,0,0,0.0
2,16,TRANSFER,3014,1623087174.7200038,6,6636562.45,7,6,1,0,6636562.45
2,17,CASH_IN,9488,1576448970.1899981,0,0.0,0,0,0,0,0.0
2,17,CASH_OUT,15794,2727467903.539997,7,12963263.230000002,18,7,11,0,12963263.230000002
2,17,DEBIT,145,1028958.6800000002,0,0.0,0,0,0,0,0.0
2,17,PAYMENT,12552,131501669.51999997,0,0.0,0,0,0,0,0.0
2,17,TRANSFER,3325,1924126979.6699972,7,12963263.230000002,7,7,0,0,12963263.230000002
2,18,CASH_IN,9852,1536568940.9299936,0,0.0,0,0,0,0,0.0
2,18,CASH_OUT,17655,2845729052.2799916,6,1293543.9000000001,23,6,17,0,1293543.9000000001
2,18,DEBIT,235,1554706.029999999,0,0.0,0,0,0,0,0.0
2,18,PAYMENT,13769,144851816.8599998,0,0.0,0,0,0,0,0.0
2,18,TRANSFER,3549,1983049729.5700006,7,2689394.45,7,6,1,1,1293543.9000000001
2,19,CASH_IN,8069,1223680813.769998,0,0.0,0,0,0,0,0.0
2,19,CASH_OUT,13847,2064179261.2099867,4,2616599.2699999996,8,4,4,0,2616599.2699999996
2,19,DEBIT,249,1569375.8,0,0.0,0,0,0,0,0.0
2,19,PAYMENT,13304,121290087.44000012,0,0.0,0,0,0,0,0.0
2,19,TRANSFER,3054,1419458564.8500023,4,2616599.2699999996,5,4,1,0,2616599.2699999996
2,20,CASH_IN,3735,548522181.4100008,0,0.0,0,0,0,0,0.0
2,20,CASH_OUT,5458,834401804.9699997,8,19458219.33,11,8,3,0,19458219.33
2,20,DEBIT,177,1038754.7699999999,0,0.0,0,0,0,0,0.0
2,20,PAYMENT,7517,65128125.04999977,0,0.0,0,0,0,0,0.0
2,20,TRANSFER,1613,710527239.4099997,8,19458219.33,8,8,0,0,19458219.33
2,21,CASH_IN,2365,363260892.35999995,0,0.0,0,0,0,0,0.0
2,21,CASH_OUT,3053,494387963.02999914,7,12433633.790000001,7,7,0,0,12433633.790000001
2,21,DEBIT,222,851849.5200000003,0,0.0,0,0,0,0,0.0
2,21,PAYMENT,5770,47220312.05999996,0,0.0,0,0,0,0,0.0
2,21,TRANSFER,1035,491233316.98999953,7,12433633.790000001,7,7,0,0,12433633.790000001
2,22,CASH_IN,1429,222013693.6599997,0,0.0,0,0,0,0,0.0
2,22,CASH_OUT,1733,290875420.9699997,10,5869573.779999999,10,10,0,0,5869573.779999999
2,22,DEBIT,153,1234779.9599999997,0,0.0,0,0,0,0,0.0
2,22,PAYMENT,4641,37410031.010000035,0,0.0,0,0,0,0,0.0
2,22,TRANSFER,725,344543931.33000016,11,6072552.43,10,10,0,1,5869573.779999999
2,23,CASH_IN,690,112630220.29999995,0,0.0,0,0,0,0,0.0
2,23,CASH_OUT,876,152296957.64999977,5,7751215.05,5,5,0,0,7751215.05
2,23,DEBIT,112,430081.63000000024,0,0.0,0,0,0,0,0.0
2,23,PAYMENT,3502,28342000.680000067,0,0.0,0,0,0,0,0.0
2,23,TRANSFER,513,247239278.4900001,5,7751215.05,5,5,0,0,7751215.05
3,0,CASH_IN,137,23705176.780000005,0,0.0,0,0,0,0,0.0
3,0,CASH_OUT,87,14089518.309999991,2,1135146.86,2,2,0,0,1135146.86
3,0,DEBIT,24,31606.650000000005,0,0.0,0,0,0,0,0.0
3,0,PAYMENT,480,3127637.4299999964,0,0.0,0,0,0,0,0.0
3,0,TRANSFER,36,13891966.579999998,2,1135146.86,5,2,3,0,1135146.86
3,1,CASH_OUT,3,1672559.4700000002,3,1672559.4700000002,3,3,0,0,1672559.4700000002
3,1,TRANSFER,3,1672559.4700000002,3,1672559.4700000002,3,3,0,0,1672559.4700000002
3,2,CASH_OUT,7,4156666.97,7,4156666.97,7,7,0,0,4156666.97
3,2,TRANSFER,7,4156666.97,7,4156666.97,7,7,0,0,4156666.97
3,3,CASH_OUT,4,9674965.96,4,9674965.96,4,4,0,0,9674965.96
3,3,TRANSFER,4,9674965.96,4,9674965.96,4,4,0,0,9674965.96
3,4,CASH_OUT,5,6308950.77,5,6308950.77,5,5,0,0,6308950.77
3,4,TRANSFER,5,6308950.77,5,6308950.77,5,5,0,0,6308950.77
3,5,CASH_OUT,2,1788799.1800000002,2,1788799.1800000002,2,2,0,0,1788799.1800000002
3,5,TRANSFER,2,1788799.1800000002,2,1788799.1800000002,2,2,0,0,1788799.1800000002
3,6,CASH_OUT,6,2484575.4099999997,6,2484575.4099999997,6,6,0,0,2484575.4099999997
3,6,TRANSFER,6,2484575.4099999997,6,2484575.4099999997,6,6,0,0,2484575.4099999997
3,7,CASH_OUT,9,10899785.38,9,10899785.38,9,9,0,0,10899785.38
3,7,TRANSFER,9,10899785.38,9,10899785.38,9,9,0,0,10899785.38
3,8,CASH_OUT,3,1526867.46,3,1526867.46,3,3,0,0,1526867.46
3,8,TRANSFER,3,1526867.46,3,1526867.46,3,3,0,0,1526867.46
3,9,CASH_OUT,10,20416314.43,10,20416314.43,10,10,0,0,20416314.43
3,9,TRANSFER,10,20416314.43,10,20416314.43,10,10,0,0,20416314.43
3,10,CASH_OUT,10,12853918.860000001,10,12853918.860000001,10,10,0,0,12853918.860000001
3,10,TRANSFER,10,12853918.860000001,10,12853918.860000001,10,10,0,0,12853918.860000001
3,11,CASH_OUT,6,2525912.3,6,2525912.3,6,6,0,0,2525912.3
3,11,TRANSFER,6,2525912.3,6,2525912.3,6,6,0,0,2525912.3
3,12,CASH_OUT,7,5163187.38,7,5163187.38,7,7,0,0,5163187.38
3,12,TRANSFER,7,5163187.38,7,5163187.38,7,7,0,0,5163187.38
3,13,CASH_OUT,4,2256158.2800000003,4,2256158.2800000003,4,4,0,0,2256158.2800000003
3,13,TRANSFER,4,2256158.2800000003,4,2256158.2800000003,4,4,0,0,2256158.2800000003
3,14,CASH_OUT,4,2053394.88,4,2053394.88,4,4,0,0,2053394.88
3,14,TRANSFER,4,2053394.88,4,2053394.88,4,4,0,0,2053394.88
3,15,CASH_OUT,9,7340663.9799999995,9,7340663.9799999995,9,9,0,0,7340663.9799999995
3,15,TRANSFER,9,7340663.9799999995,9,7340663.9799999995,9,9,0,0,7340663.9799999995
3,16,CASH_OUT,10,8163413.91,10,8163413.91,10,10,0,0,8163413.91
3,16,TRANSFER,10,8163413.91,10,8163413.91,10,10,0,0,8163413.91
3,17,CASH_OUT,12,21762995.560000002,12,21762995.560000002,12,12,0,0,21762995.560000002
3,17,TRANSFER,12,21762995.560000002,12,21762995.560000002,12,12,0,0,21762995.560000002
3,18,CASH_OUT,3,1177300.28,3,1177300.28,3,3,0,0,1177300.28
3,18,TRANSFER,3,1177300.28,3,1177300.28,3,3,0,0,1177300.28
3,19,CASH_OUT,9,14941179.04,9,14941179.04,9,9,0,0,14941179.04
3,19,TRANSFER,9,14941179.04,9,14941179.04,9,9,0,0,14941179.04
3,20,CASH_OUT,10,20729184.639999997,10,20729184.639999997,10,10,0,0,20729184.639999997
3,20,TRANSFER,10,20729184.639999997,10,20729184.639999997,10,10,0,0,20729184.639999997
3,21,CASH_OUT,3,1470623.97,3,1470623.97,3,3,0,0,1470623.97
3,21,TRANSFER,3,1470623.97,3,1470623.97,3,3,0,0,1470623.97
3,22,CASH_OUT,10,6827675.720000001,10,6827675.720000001,10,10,0,0,6827675.720000001
3,22,TRANSFER,10,6827675.720000001,10,6827675.720000001,10,10,0,0,6827675.720000001
3,23,CASH_OUT,7,29924189.61,7,29924189.61,7,7,0,0,29924189.61
3,23,TRANSFER,7,29924189.61,7,29924189.61,7,7,0,0,29924189.61
4,0,CASH_OUT,4,1291237.21,4,1291237.21,4,4,0,0,1291237.21
4,0,TRANSFER,4,1291237.21,4,1291237.21,4,4,0,0,1291237.21
4,1,CASH_OUT,11,16897097.53,11,16897097.53,11,11,0,0,16897097.53
4,1,TRANSFER,11,16897097.53,11,16897097.53,11,11,0,0,16897097.53
4,2,CASH_OUT,4,2985307.5300000003,4,2985307.5300000003,4,4,0,0,2985307.5300000003
4,2,TRANSFER,4,2985307.5300000003,4,2985307.5300000003,4,4,0,0,2985307.5300000003
4,3,CASH_OUT,2,2076363.54,2,2076363.54,2,2,0,0,2076363.54
4,3,TRANSFER,2,2076363.54,2,2076363.54,2,2,0,0,2076363.54
4,4,CASH_OUT,5,17962750.0,5,17962750.0,5,5,0,0,17962750.0
4,4,TRANSFER,5,17962750.0,5,17962750.0,5,5,0,0,17962750.0
4,5,CASH_OUT,5,5604072.449999999,5,5604072.449999999,5,5,0,0,5604072.449999999
4,5,TRANSFER,5,5604072.449999999,5,5604072.449999999,5,5,0,0,5604072.449999999
4,6,CASH_OUT,5,3130803.07,5,3130803.07,5,5,0,0,3130803.07
4,6,TRANSFER,5,3130803.07,5,3130803.07,5,5,0,0,3130803.07
4,7,CASH_OUT,5,1496311.2999999998,5,1496311.2999999998,5,5,0,0,1496311.2999999998
4,7,TRANSFER,5,1496311.2999999998,5,1496311.2999999998,5,5,0,0,1496311.2999999998
4,8,CASH_OUT,5,5101059.47,5,5101059.47,5,5,0,0,5101059.47
4,8,TRANSFER,5,5101059.47,5,5101059.47,5,5,0,0,5101059.47
4,9,CASH_OUT,5,17906237.14,5,17906237.14,5,5,0,0,17906237.14
4,9,TRANSFER,5,17906237.14,5,17906237.14,5,5,0,0,17906237.14
4,10,CASH_OUT,6,5304155.199999999,6,5304155.199999999,6,6,0,0,5304155.199999999
4,10,TRANSFER,6,5304155.199999999,6,5304155.199999999,6,6,0,0,5304155.199999999
4,11,CASH_OUT,8,18305642.990000002,8,18305642.990000002,8,8,0,0,18305642.990000002
4,11,TRANSFER,8,18305642.990000002,8,18305642.990000002,8,8,0,0,18305642.990000002
4,12,CASH_OUT,7,12809468.559999999,7,12809468.559999999,7,7,0,0,12809468.559999999
4,12,TRANSFER,7,12809468.559999999,7,12809468.559999999,7,7,0,0,12809468.559999999
4,13,CASH_OUT,9,26782782.279999994,9,26782782.279999994,9,9,0,0,26782782.279999994
4,13,TRANSFER,9,26782782.279999994,9,26782782.279999994,9,9,0,0,26782782.279999994
4,14,CASH_OUT,3,1313660.79,3,1313660.79,3,3,0,0,1313660.79
4,14,TRANSFER,3,1313660.79,3,1313660.79,3,3,0,0,1313660.79
4,15,CASH_OUT,4,17314021.2,4,17314021.2,4,4,0,0,17314021.2
4,15,TRANSFER,4,17314021.2,4,17314021.2,4,4,0,0,17314021.2
4,16,CASH_OUT,3,1078790.5599999998,3,1078790.5599999998,3,3,0,0,1078790.5599999998
4,16,TRANSFER,3,1078790.5599999998,3,1078790.5599999998,3,3,0,0,1078790.5599999998
4,17,CASH_OUT,8,10387255.17,8,10387255.17,8,8,0,0,10387255.17
4,17,TRANSFER,8,10387255.17,8,10387255.17,8,8,0,0,10387255.17
4,18,CASH_OUT,4,2169942.55,4,2169942.55,4,4,0,0,2169942.55
4,18,TRANSFER,4,2169942.55,4,2169942.55,4,4,0,0,2169942.55
4,19,CASH_OUT,5,1877059.3800000001,5,1877059.3800000001,5,5,0,0,1877059.3800000001
4,19,TRANSFER,5,1877059.3800000001,5,1877059.3800000001,5,5,0,0,1877059.3800000001
4,20,CASH_IN,914,139277650.8500001,0,0.0,0,0,0,0,0.0
4,20,CASH_OUT,1266,202473051.36,8,8619733.610000001,9,8,1,0,8619733.610000001
4,20,DEBIT,27,88319.98000000001,0,0.0,0,0,0,0,0.0
4,20,PAYMENT,1836,15783791.780000005,0,0.0,0,0,0,0,0.0
4,20,TRANSFER,401,250519416.30000004,8,8619733.610000001,8,8,0,0,8619733.610000001
4,21,CASH_IN,2106,334714353.4,0,0.0,0,0,0,0,0.0
4,21,CASH_OUT,2340,393112177.00000006,6,7287084.17,6,6,0,0,7287084.17
4,21,DEBIT,97,1273724.2999999998,0,0.0,0,0,0,0,0.0
4,21,PAYMENT,4960,44478686.41999997,0,0.0,0,0,0,0,0.0
4,21,TRANSFER,869,513096304.0000002,6,7287084.17,6,6,0,0,7287084.17
4,22,CASH_IN,962,165058098.42,0,0.0,0,0,0,0,0.0
4,22,CASH_OUT,1406,257848746.06000012,7,13154811.81,7,7,0,0,13154811.81
4,22,DEBIT,98,374708.11999999994,0,0.0,0,0,0,0,0.0
4,22,PAYMENT,3759,38645571.37000004,0,0.0,0,0,0,0,0.0
4,22,TRANSFER,633,391666915.58999985,7,13154811.81,7,7,0,0,13154811.81
4,23,CASH_IN,866,145244159.3500001,0,0.0,0,0,0,0,0.0
4,23,CASH_OUT,1132,240998031.9500001,2,18267760.5,2,2,0,0,18267760.5
4,23,DEBIT,118,295171.45,0,0.0,0,0,0,0,0.0
4,23,PAYMENT,3731,27209790.500000115,0,0.0,0,0,0,0,0.0
4,23,TRANSFER,503,324800656.5500004,2,18267760.5,2,2,0,0,18267760.5
5,0,CASH_IN,194,34583837.15999999,0,0.0,0,0,0,0,0.0
5,0,CASH_OUT,93,20665740.380000003,5,5452954.74,5,5,0,0,5452954.74
5,0,DEBIT,22,37675.98,0,0.0,0,0,0,0,0.0
5,0,PAYMENT,339,3313900.6500000013,0,0.0,0,0,0,0,0.0
5,0,TRANSFER,37,16082360.53,5,5452954.74,7,5,2,0,5452954.74
5,1,CASH_OUT,7,6445709.989999999,7,6445709.989999999,7,7,0,0,6445709.989999999
5,1,TRANSFER,7,6445709.989999999,7,6445709.989999999,7,7,0,0,6445709.989999999
5,2,CASH_OUT,4,6522056.900000001,4,6522056.900000001,4,4,0,0,6522056.900000001
5,2,TRANSFER,4,6522056.900000001,4,6522056.900000001,4,4,0,0,6522056.900000001
5,3,CASH_OUT,3,1506829.14,3,1506829.14,3,3,0,0,1506829.14
5,3,TRANSFER,3,1506829.14,3,1506829.14,3,3,0,0,1506829.14
5,4,CASH_OUT,6,6031120.510000001,6,6031120.510000001,6,6,0,0,6031120.510000001
5,4,TRANSFER,6,6031120.510000001,6,6031120.510000001,6,6,0,0,6031120.510000001
5,5,CASH_OUT,6,3221499.81,6,3221499.81,6,6,0,0,3221499.81
5,5,TRANSFER,6,3221499.81,6,3221499.81,6,6,0,0,3221499.81
5,6,CASH_OUT,4,2741453.88,4,2741453.88,4,4,0,0,2741453.88
5,6,TRANSFER,4,2741453.88,4,2741453.88,4,4,0,0,2741453.88
5,7,CASH_OUT,7,3882269.5,7,3882269.5,7,7,0,0,3882269.5
5,7,TRANSFER,7,3882269.5,7,3882269.5,7,7,0,0,3882269.5
5,8,CASH_OUT,9,7743884.649999999,9,7743884.649999999,9,9,0,0,7743884.649999999
5,8,TRANSFER,9,7743884.649999999,9,7743884.649999999,9,9,0,0,7743884.649999999
5,9,CASH_OUT,9,6203793.42,9,6203793.42,9,9,0,0,6203793.42
5,9,TRANSFER,9,6203793.42,9,6203793.42,9,9,0,0,6203793.42
5,10,CASH_OUT,5,2531010.32,5,2531010.32,5,5,0,0,2531010.32
5,10,TRANSFER,5,2531010.32,5,2531010.32,5,5,0,0,2531010.32
5,11,CASH_OUT,4,7763016.180000001,4,7763016.180000001,4,4,0,0,7763016.180000001
5,11,TRANSFER,4,7763016.180000001,4,7763016.180000001,4,4,0,0,7763016.180000001
5,12,CASH_OUT,6,4194082.9700000007,6,4194082.9700000007,6,6,0,0,4194082.9700000007
5,12,TRANSFER,6,4194082.9700000007,6,4194082.9700000007,6,6,0,0,4194082.9700000007
5,13,CASH_OUT,5,4422757.79,5,4422757.79,5,5,0,0,4422757.79
5,13,TRANSFER,5,4422757.79,5,4422757.79,5,5,0,0,4422757.79
5,14,CASH_OUT,5,5900694.2299999995,5,5900694.2299999995,5,5,0,0,5900694.2299999995
5,14,TRANSFER,5,5900694.2299999995,5,5900694.2299999995,5,5,0,0,5900694.2299999995
5,15,CASH_OUT,1,42418.85,1,42418.85,1,1,0,0,42418.85
5,15,TRANSFER,1,42418.85,1,42418.85,1,1,0,0,42418.85
5,16,CASH_OUT,3,1988499.55,3,1988499.55,3,3,0,0,1988499.55
5,16,TRANSFER,3,1988499.55,3,1988499.55,3,3,0,0,1988499.55
5,17,CASH_OUT,2,3874487.19,2,3874487.19,2,2,0,0,3874487.19
5,17,TRANSFER,2,3874487.19,2,3874487.19,2,2,0,0,3874487.19
5,18,CASH_OUT,5,3613110.8600000003,5,3613110.8600000003,5,5,0,0,3613110.8600000003
5,18,TRANSFER,5,3613110.8600000003,5,3613110.8600000003,5,5,0,0,3613110.8600000003
5,19,CASH_OUT,7,8188198.39,7,8188198.39,7,7,0,0,8188198.39
5,19,TRANSFER,7,8188198.39,7,8188198.39,7,7,0,0,8188198.39
5,20,CASH_OUT,6,6677644.46,6,6677644.46,6,6,0,0,6677644.46
5,20,TRANSFER,6,6677644.46,6,6677644.46,6,6,0,0,6677644.46
5,21,CASH_OUT,6,16723160.990000002,6,16723160.990000002,6,6,0,0,16723160.990000002
5,21,TRANSFER,6,16723160.990000002,6,16723160.990000002,6,6,0,0,16723160.990000002
5,22,CASH_IN,667,110812002.30999991,0,0.0,0,0,0,0,0.0
5,22,CASH_OUT,1100,205453417.6,5,3571802.12,5,5,0,0,3571802.12
5,22,DEBIT,94,209096.76000000007,0,0.0,0,0,0,0,0.0
5,22,PAYMENT,3378,30658836.83999996,0,0.0,0,0,0,0,0.0
5,22,TRANSFER,501,305336971.2399999,5,3571802.12,5,5,0,0,3571802.12
5,23,CASH_IN,589,96782932.74000008,0,0.0,0,0,0,0,0.0
5,23,CASH_OUT,466,85275735.53000002,6,3247832.62,6,6,0,0,3247832.62
5,23,DEBIT,78,686957.98,0,0.0,0,0,0,0,0.0
5,23,PAYMENT,1753,15843400.669999976,0,0.0,0,0,0,0,0.0
5,23,TRANSFER,258,178955573.52000028,6,3247832.62,6,6,0,0,3247832.62
6,0,CASH_IN,188,33304211.01000001,0,0.0,0,0,0,0,0.0
6,0,CASH_OUT,129,25361766.86000001,7,4923342.66,7,7,0,0,4923342.66
6,0,DEBIT,43,82797.92,0,0.0,0,0,0,0,0.0
6,0,PAYMENT,630,8177430.740000002,0,0.0,0,0,0,0,0.0
6,0,TRANSFER,84,44972232.13,7,4923342.66,24,7,17,0,4923342.66
6,1,CASH_IN,145,21552634.789999995,0,0.0,0,0,0,0,0.0
6,1,CASH_OUT,55,15574004.729999995,7,7501532.87,7,7,0,0,7501532.87
6,1,DEBIT,15,19225.779999999995,0,0.0,0,0,0,0,0.0
6,1,PAYMENT,162,999257.7399999999,0,0.0,0,0,0,0,0.0
6,1,TRANSFER,37,25222710.700000007,7,7501532.87,14,7,7,0,7501532.87
6,2,CASH_OUT,26,10845837.65,3,6986177.92,3,3,0,0,6986177.92
6,2,DEBIT,1,1103.83,0,0.0,0,0,0,0,0.0
6,2,PAYMENT,16,105910.32999999999,0,0.0,0,0,0,0,0.0
6,2,TRANSFER,9,11619488.379999999,3,6986177.92,4,3,1,0,6986177.92
6,3,CASH_OUT,2,11038690.02,2,11038690.02,2,2,0,0,11038690.02
6,3,TRANSFER,2,11038690.02,2,11038690.02,2,2,0,0,11038690.02
6,4,CASH_OUT,5,9184709.59,5,9184709.59,5,5,0,0,9184709.59
6,4,TRANSFER,5,9184709.59,5,9184709.59,5,5,0,0,9184709.59
6,5,CASH_OUT,3,7427701.62,3,7427701.62,3,3,0,0,7427701.62
6,5,TRANSFER,3,7427701.62,3,7427701.62,3,3,0,0,7427701.62
6,6,CASH_OUT,7,11044602.280000001,7,11044602.280000001,7,7,0,0,11044602.280000001
6,6,TRANSFER,7,11044602.280000001,7,11044602.280000001,7,7,0,0,11044602.280000001
6,7,CASH_OUT,4,7996242.76,4,7996242.76,4,4,0,0,7996242.76
6,7,TRANSFER,4,7996242.76,4,7996242.76,4,4,0,0,7996242.76
6,8,CASH_IN,5276,922288984.6600003,0,0.0,0,0,0,0,0.0
6,8,CASH_OUT,7596,1527775525.2500007,3,2620900.65,12,3,9,0,2620900.65
6,8,DEBIT,109,347096.3900000001,0,0.0,0,0,0,0,0.0
6,8,PAYMENT,7170,101839965.13000003,0,0.0,0,0,0,0,0.0
6,8,TRANSFER,1835,1839140211.1300013,3,2620900.65,3,3,0,0,2620900.65
6,9,CASH_IN,7678,1403434634.1199982,0,0.0,0,0,0,0,0.0
6,9,CASH_OUT,12354,2558380556.880001,3,1717951.76,10,3,7,0,1717951.76
6,9,DEBIT,139,671755.2599999999,0,0.0,0,0,0,0,0.0
6,9,PAYMENT,10072,177711682.83000004,0,0.0,0,0,0,0,0.0
6,9,TRANSFER,2647,2558732594.2299986,3,1717951.76,4,3,1,0,1717951.76
6,10,CASH_IN,8692,1622714798.3600013,0,0.0,0,0,0,0,0.0
6,10,CASH_OUT,13391,2777325467.86,8,25700301.05,14,8,6,0,25700301.05
6,10,DEBIT,201,1860591.1500000008,0,0.0,0,0,0,0,0.0
6,10,PAYMENT,11076,161615881.37000033,0,0.0,0,0,0,0,0.0
6,10,TRANSFER,3015,2220246669.3499975,8,25700301.05,10,8,2,0,25700301.05
6,11,CASH_IN,8183,1537005109.4599996,0,0.0,0,0,0,0,0.0
6,11,CASH_OUT,13622,2826971871.379998,5,8575194.86,17,5,12,0,8575194.86
6,11,DEBIT,165,2238725.49,0,0.0,0,0,0,0,0.0
6,11,PAYMENT,10977,179934633.35999998,0,0.0,0,0,0,0,0.0
6,11,TRANSFER,2989,2141292944.6499968,5,8575194.86,6,5,1,0,8575194.86
6,12,CASH_IN,7971,1487657046.739999,0,0.0,0,0,0,0,0.0
6,12,CASH_OUT,13300,2769687852.2000093,5,2344710.6099999994,12,5,7,0,2344710.6099999994
6,12,DEBIT,179,500765.51000000007,0,0.0,0,0,0,0,0.0
6,12,PAYMENT,10797,196055874.42999935,0,0.0,0,0,0,0,0.0
6,12,TRANSFER,2900,2021291855.3300025,5,2344710.6099999994,5,5,0,0,2344710.6099999994
6,13,CASH_IN,7627,1378115225.499992,0,0.0,0,0,0,0,0.0
6,13,CASH_OUT,12155,2453662960.6499968,5,17978117.599999998,7,5,2,0,17978117.599999998
6,13,DEBIT,145,465122.97000000015,0,0.0,0,0,0,0,0.0
6,13,PAYMENT,9740,183183381.4800006,0,0.0,0,0,0,0,0.0
6,13,TRANSFER,2724,1596204298.0399983,5,17978117.599999998,5,5,0,0,17978117.599999998
6,14,CASH_IN,6265,1177825989.629997,0,0.0,0,0,0,0,0.0
6,14,CASH_OUT,9983,2015667541.5499997,4,712637.0,8,4,4,0,712637.0
6,14,DEBIT,169,905507.9700000006,0,0.0,0,0,0,0,0.0
6,14,PAYMENT,8663,126101947.92999992,0,0.0,0,0,0,0,0.0
6,14,TRANSFER,2476,1505110461.440005,4,712637.0,4,4,0,0,712637.0
6,15,CASH_IN,7100,1319420814.44,0,0.0,0,0,0,0,0.0
6,15,CASH_OUT,11353,2231683630.719991,5,12579470.09,10,5,5,0,12579470.09
6,15,DEBIT,167,630057.6799999997,0,0.0,0,0,0,0,0.0
6,15,PAYMENT,9201,120135787.96000002,0,0.0,0,0,0,0,0.0
6,15,TRANSFER,2519,1730551711.2299979,5,12579470.09,5,5,0,0,12579470.09
6,16,CASH_IN,7132,1236297246.0799992,0,0.0,0,0,0,0,0.0
6,16,CASH_OUT,12770,2280316782.6099963,6,7990052.63,11,6,5,0,7990052.63
6,16,DEBIT,138,649643.2599999997,0,0.0,0,0,0,0,0.0
6,16,PAYMENT,9749,154625987.76999968,0,0.0,0,0,0,0,0.0
6,16,TRANSFER,2770,1451845333.240003,6,7990052.63,7,6,1,0,7990052.63
6,17,CASH_IN,7391,1158915051.5499954,0,0.0,0,0,0,0,0.0
6,17,CASH_OUT,11726,1923864054.5199919,2,538155.85,16,2,14,0,538155.85
6,17,DEBIT,144,441808.4399999997,0,0.0,0,0,0,0,0.0
6,17,PAYMENT,9684,148564624.51000002,0,0.0,0,0,0,0,0.0
6,17,TRANSFER,2477,1198419156.7499993,2,538155.85,3,2,1,0,538155.85
6,18,CASH_IN,10470,1675979956.0299988,0,0.0,0,0,0,0,0.0
6,18,CASH_OUT,17980,2837199060.7299967,2,386795.83999999997,14,2,12,0,386795.83999999997
6,18,DEBIT,232,1041060.4600000002,0,0.0,0,0,0,0,0.0
6,18,PAYMENT,13793,173847778.7299997,0,0.0,0,0,0,0,0.0
6,18,TRANSFER,3579,2119765112.0499992,2,386795.83999999997,2,2,0,0,386795.83999999997
6,19,CASH_IN,8036,1209317900.7900033,0,0.0,0,0,0,0,0.0
6,19,CASH_OUT,13427,2030617587.8699887,7,8539808.049999999,10,7,3,0,8539808.049999999
6,19,DEBIT,233,614147.7799999999,0,0.0,0,0,0,0,0.0
6,19,PAYMENT,12478,116359927.9900004,0,0.0,0,0,0,0,0.0
6,19,TRANSFER,2838,1583403929.1499996,7,8539808.049999999,7,7,0,0,8539808.049999999
6,20,CASH_IN,3698,552317584.0599986,0,0.0,0,0,0,0,0.0
6,20,CASH_OUT,4840,769895653.9899999,4,2766169.95,5,4,1,0,2766169.95
6,20,DEBIT,162,491190.39999999997,0,0.0,0,0,0,0,0.0
6,20,PAYMENT,6438,58904798.770000294,0,0.0,0,0,0,0,0.0
6,20,TRANSFER,1296,702759754.5600009,4,2766169.95,4,4,0,0,2766169.95
6,21,CASH_IN,2305,352211954.3099989,0,0.0,0,0,0,0,0.0
6,21,CASH_OUT,2897,487515966.1100002,4,6666326.85,4,4,0,0,6666326.85
6,21,DEBIT,178,582399.2499999997,0,0.0,0,0,0,0,0.0
6,21,PAYMENT,5727,59580753.739999995,0,0.0,0,0,0,0,0.0
6,21,TRANSFER,1082,646821026.7400001,4,6666326.85,4,4,0,0,6666326.85
6,22,CASH_IN,1342,214319862.0900003,0,0.0,0,0,0,0,0.0
6,22,CASH_OUT,1371,262554253.97000018,8,14891705.239999998,8,8,0,0,14891705.239999998
6,22,DEBIT,148,514543.55,0,0.0,0,0,0,0,0.0
6,22,PAYMENT,4037,32703015.530000035,0,0.0,0,0,0,0,0.0
6,22,TRANSFER,711,421669035.53000003,8,14891705.239999998,8,8,0,0,14891705.239999998
6,23,CASH_IN,473,77165607.13999991,0,0.0,0,0,0,0,0.0
6,23,CASH_OUT,600,110960606.69999988,5,3505493.45,5,5,0,0,3505493.45
6,23,DEBIT,95,327484.78,0,0.0,0,0,0,0,0.0
6,23,PAYMENT,2050,21026335.46,0,0.0,0,0,0,0,0.0
6,23,TRANSFER,305,167968354.50999987,5,3505493.45,5,5,0,0,3505493.45
7,0,CASH_IN,224,35377857.16000001,0,0.0,0,0,0,0,0.0
7,0,CASH_OUT,123,28317121.790000014,7,7140772.08,7,7,0,0,7140772.08
7,0,DEBIT,56,238091.61000000002,0,0.0,0,0,0,0,0.0
7,0,PAYMENT,631,4754973.519999994,0,0.0,0,0,0,0,0.0
7,0,TRANSFER,83,44361782.89999999,7,7140772.08,17,7,10,0,7140772.08
7,1,CASH_IN,151,24693733.180000007,0,0.0,0,0,0,0,0.0
7,1,CASH_OUT,63,17877538.650000006,5,8541673.99,5,5,0,0,8541673.99
7,1,DEBIT,29,122232.22,0,0.0,0,0,0,0,0.0
7,1,PAYMENT,242,1943657.8899999997,0,0.0,0,0,0,0,0.0
7,1,TRANSFER,37,21678968.090000007,5,8541673.99,9,5,4,0,8541673.99
7,2,CASH_OUT,12,3786772.3499999996,3,2149461.43,3,3,0,0,2149461.43
7,2,DEBIT,5,11904.759999999998,0,0.0,0,0,0,0,0.0
7,2,PAYMENT,39,325071.45,0,0.0,0,0,0,0,0.0
7,2,TRANSFER,28,16190378.81,3,2149461.43,7,3,4,0,2149461.43
7,3,CASH_OUT,6,5401385.009999999,6,5401385.009999999,6,6,0,0,5401385.009999999
7,3,TRANSFER,6,5401385.009999999,6,5401385.009999999,6,6,0,0,5401385.009999999
7,4,CASH_OUT,11,21006775.529999997,11,21006775.529999997,11,11,0,0,21006775.529999997
7,4,TRANSFER,11,21006775.529999997,11,21006775.529999997,11,11,0,0,21006775.529999997
7,5,CASH_OUT,7,7007292.22,7,7007292.22,7,7,0,0,7007292.22
7,5,TRANSFER,7,7007292.22,7,7007292.22,7,7,0,0,7007292.22
7,6,CASH_OUT,9,5101797.680000001,9,5101797.680000001,9,9,0,0,5101797.680000001
7,6,TRANSFER,9,5101797.680000001,9,5101797.680000001,9,9,0,0,5101797.680000001
7,7,CASH_OUT,3,2667510.12,3,2667510.12,3,3,0,0,2667510.12
7,7,TRANSFER,3,2667510.12,3,2667510.12,3,3,0,0,2667510.12
7,8,CASH_IN,4303,723874794.3600005,0,0.0,0,0,0,0,0.0
7,8,CASH_OUT,6563,1272542233.849999,5,1899169.6,9,5,4,0,1899169.6
7,8,DEBIT,105,472868.56999999995,0,0.0,0,0,0,0,0.0
7,8,PAYMENT,6704,76739357.1600001,0,0.0,0,0,0,0,0.0
7,8,TRANSFER,1800,1611232053.139999,5,1899169.6,5,5,0,0,1899169.6
7,9,CASH_IN,6825,1186542840.84,0,0.0,0,0,0,0,0.0
7,9,CASH_OUT,10548,2089011923.0000014,5,5594624.71,8,5,3,0,5594624.71
7,9,DEBIT,222,930306.0199999998,0,0.0,0,0,0,0,0.0
7,9,PAYMENT,9210,116172192.13999967,0,0.0,0,0,0,0,0.0
7,9,TRANSFER,2436,1982773651.09,5,5594624.71,5,5,0,0,5594624.71
7,10,CASH_IN,6796,1237424711.080001,0,0.0,0,0,0,0,0.0
7,10,CASH_OUT,10950,2270550218.4499946,4,3696879.33,11,4,7,0,3696879.33
7,10,DEBIT,195,761465.9500000001,0,0.0,0,0,0,0,0.0
7,10,PAYMENT,9414,125922169.1300002,0,0.0,0,0,0,0,0.0
7,10,TRANSFER,2572,1971403406.550006,4,3696879.33,4,4,0,0,3696879.33
7,11,CASH_IN,6403,1167286598.5600035,0,0.0,0,0,0,0,0.0
7,11,CASH_OUT,9854,2031564170.7699962,9,3733463.99,10,9,1,0,3733463.99
7,11,DEBIT,206,965062.3400000001,0,0.0,0,0,0,0,0.0
7,11,PAYMENT,8800,115059218.03000025,0,0.0,0,0,0,0,0.0
7,11,TRANSFER,2340,1645539670.5299976,9,3733463.99,9,9,0,0,3733463.99
7,12,CASH_IN,6851,1247831201.8600023,0,0.0,0,0,0,0,0.0
7,12,CASH_OUT,11109,2217192563.0100026,8,12860968.250000002,18,8,10,0,12860968.250000002
7,12,DEBIT,189,1341573.9100000008,0,0.0,0,0,0,0,0.0
7,12,PAYMENT,9065,107824582.79999962,0,0.0,0,0,0,0,0.0
7,12,TRANSFER,2550,1476124445.839997,8,12860968.250000002,10,8,2,0,12860968.250000002
7,13,CASH_IN,6120,1113014067.1099982,0,0.0,0,0,0,0,0.0
7,13,CASH_OUT,10517,1995123339.2500021,4,5774897.74,7,4,3,0,5774897.74
7,13,DEBIT,110,379486.8399999999,0,0.0,0,0,0,0,0.0
7,13,PAYMENT,8623,100778654.76000014,0,0.0,0,0,0,0,0.0
7,13,TRANSFER,2469,1580438519.9200015,4,5774897.74,5,4,1,0,5774897.74
7,14,CASH_IN,6292,1091864290.9800048,0,0.0,0,0,0,0,0.0
7,14,CASH_OUT,10074,1896238978.909998,5,1436965.47,9,5,4,0,1436965.47
7,14,DEBIT,105,507754.2899999999,0,0.0,0,0,0,0,0.0
7,14,PAYMENT,8641,106019151.40000002,0,0.0,0,0,0,0,0.0
7,14,TRANSFER,2449,1479351777.060002,5,1436965.47,5,5,0,0,1436965.47
7,15,CASH_IN,6121,1094176296.52,0,0.0,0,0,0,0,0.0
7,15,CASH_OUT,10447,1991413571.8300023,13,44436221.419999994,14,13,1,0,44436221.419999994
7,15,DEBIT,124,611739.6300000002,0,0.0,0,0,0,0,0.0
7,15,PAYMENT,8653,116802546.38000025,0,0.0,0,0,0,0,0.0
7,15,TRANSFER,2420,1454386784.569997,13,44436221.419999994,13,13,0,0,44436221.419999994
7,16,CASH_IN,7561,1306701851.0599995,0,0.0,0,0,0,0,0.0
7,16,CASH_OUT,12833,2370571298.830005,7,22434914.53,14,7,7,0,22434914.53
7,16,DEBIT,187,2271034.84,0,0.0,0,0,0,0,0.0
7,16,PAYMENT,9901,130869550.41000009,0,0.0,0,0,0,0,0.0
7,16,TRANSFER,2567,1577493409.8499973,7,22434914.53,7,7,0,0,22434914.53
7,17,CASH_IN,8757,1465689844.0399966,0,0.0,0,0,0,0,0.0
7,17,CASH_OUT,15957,2747966574.1600056,5,17519344.05,13,5,8,0,17519344.05
7,17,DEBIT,161,835492.1499999999,0,0.0,0,0,0,0,0.0
7,17,PAYMENT,12505,157587324.60999995,0,0.0,0,0,0,0,0.0
7,17,TRANSFER,3242,1827063850.409999,5,17519344.05,6,5,1,0,17519344.05
7,18,CASH_IN,10850,1710334597.9600005,0,0.0,0,0,0,0,0.0
7,18,CASH_OUT,17913,2811202539.1099963,4,2212825.39,11,4,7,0,2212825.39
7,18,DEBIT,187,1926412.890000001,0,0.0,0,0,0,0,0.0
7,18,PAYMENT,13822,147517421.1700004,0,0.0,0,0,0,0,0.0
7,18,TRANSFER,3580,2039378168.1000032,4,2212825.39,4,4,0,0,2212825.39
7,19,CASH_IN,8516,1223009722.9799998,0,0.0,0,0,0,0,0.0
7,19,CASH_OUT,14269,2076856071.9800014,7,4909819.6899999995,11,7,4,0,4909819.6899999995
7,19,DEBIT,241,710400.3200000003,0,0.0,0,0,0,0,0.0
7,19,PAYMENT,13167,144070437.86999935,0,0.0,0,0,0,0,0.0
7,19,TRANSFER,2909,1536704568.470001,7,4909819.6899999995,7,7,0,0,4909819.6899999995
7,20,CASH_IN,3629,538766748.8100002,0,0.0,0,0,0,0,0.0
7,20,CASH_OUT,4964,760100102.2899996,2,2667245.2800000003,2,2,0,0,2667245.2800000003
7,20,DEBIT,138,576535.94,0,0.0,0,0,0,0,0.0
7,20,PAYMENT,6549,67023608.82000004,0,0.0,0,0,0,0,0.0
7,20,TRANSFER,1262,687017816.4699996,2,2667245.2800000003,2,2,0,0,2667245.2800000003
7,21,CASH_IN,2367,361132599.3999996,0,0.0,0,0,0,0,0.0
7,21,CASH_OUT,2890,486513796.51000035,3,2058329.62,3,3,0,0,2058329.62
7,21,DEBIT,128,595520.9399999997,0,0.0,0,0,0,0,0.0
7,21,PAYMENT,5843,52333991.82000002,0,0.0,0,0,0,0,0.0
7,21,TRANSFER,948,482112818.78999937,3,2058329.62,3,3,0,0,2058329.62
7,22,CASH_IN,1394,211353038.5400001,0,0.0,0,0,0,0,0.0
7,22,CASH_OUT,1536,270640097.6100004,3,3129145.8099999996,3,3,0,0,3129145.8099999996
7,22,DEBIT,85,465091.35999999987,0,0.0,0,0,0,0,0.0
7,22,PAYMENT,4262,33867515.71,0,0.0,0,0,0,0,0.0
7,22,TRANSFER,669,416725958.86000013,3,3129145.8099999996,3,3,0,0,3129145.8099999996
7,23,CASH_IN,575,100055364.35000007,0,0.0,0,0,0,0,0.0
7,23,CASH_OUT,680,143317017.54,1,7513581.46,1,1,0,0,7513581.46
7,23,DEBIT,66,213418.18000000002,0,0.0,0,0,0,0,0.0
7,23,PAYMENT,2179,16031456.200000018,0,0.0,0,0,0,0,0.0
7,23,TRANSFER,324,182934671.4900002,1,7513581.46,1,1,0,0,7513581.46
8,0,CASH_IN,208,36285255.03,0,0.0,0,0,0,0,0.0
8,0,CASH_OUT,205,40939115.790000014,5,2774242.4099999997,5,5,0,0,2774242.4099999997
8,0,DEBIT,69,130749.13999999998,0,0.0,0,0,0,0,0.0
8,0,PAYMENT,872,7978800.300000004,0,0.0,0,0,0,0,0.0
8,0,TRANSFER,110,50735345.06999998,5,2774242.4099999997,18,5,13,0,2774242.4099999997
8,1,CASH_IN,117,19357284.060000002,0,0.0,0,0,0,0,0.0
8,1,CASH_OUT,63,29636357.99,8,18603726.91,8,8,0,0,18603726.91
8,1,DEBIT,42,60950.61000000001,0,0.0,0,0,0,0,0.0
8,1,PAYMENT,272,2105736.13,0,0.0,0,0,0,0,0.0
8,1,TRANSFER,35,31100379.500000007,8,18603726.91,13,8,5,0,18603726.91
8,2,CASH_OUT,7,15417260.620000001,7,15417260.620000001,7,7,0,0,15417260.620000001
8,2,TRANSFER,7,15417260.620000001,7,15417260.620000001,7,7,0,0,15417260.620000001
8,3,CASH_OUT,5,3656420.04,5,3656420.04,5,5,0,0,3656420.04
8,3,TRANSFER,5,3656420.04,5,3656420.04,5,5,0,0,3656420.04
8,4,CASH_OUT,7,13663938.17,7,13663938.17,7,7,0,0,13663938.17
8,4,TRANSFER,7,13663938.17,7,13663938.17,7,7,0,0,13663938.17
8,5,CASH_OUT,5,3080625.9,5,3080625.9,5,5,0,0,3080625.9
8,5,TRANSFER,5,3080625.9,5,3080625.9,5,5,0,0,3080625.9
8,6,CASH_OUT,4,1350000.4500000002,4,1350000.4500000002,4,4,0,0,1350000.4500000002
8,6,TRANSFER,4,1350000.4500000002,4,1350000.4500000002,4,4,0,0,1350000.4500000002
8,7,CASH_OUT,5,1681403.63,5,1681403.63,5,5,0,0,1681403.63
8,7,TRANSFER,5,1681403.63,5,1681403.63,5,5,0,0,1681403.63
8,8,CASH_IN,4048,668167100.6599993,0,0.0,0,0,0,0,0.0
8,8,CASH_OUT,5572,1064914929.7700008,9,3331972.650000001,12,9,3,0,3331972.650000001
8,8,DEBIT,138,575849.3400000002,0,0.0,0,0,0,0,0.0
8,8,PAYMENT,6007,60469902.54000004,0,0.0,0,0,0,0,0.0
8,8,TRANSFER,1571,1253329700.339999,9,3331972.650000001,9,9,0,0,3331972.650000001
8,9,CASH_IN,6760,1170793995.8700037,0,0.0,0,0,0,0,0.0
8,9,CASH_OUT,9739,1970084239.6799974,7,9249449.73,13,7,6,0,9249449.73
8,9,DEBIT,181,908911.7800000001,0,0.0,0,0,0,0,0.0
8,9,PAYMENT,9136,107675958.04000022,0,0.0,0,0,0,0,0.0
8,9,TRANSFER,2388,2612491292.8899975,7,9249449.73,7,7,0,0,9249449.73
8,10,CASH_IN,6977,1214045276.0499988,0,0.0,0,0,0,0,0.0
8,10,CASH_OUT,11101,2134916253.649989,4,2356489.5,9,4,5,0,2356489.5
8,10,DEBIT,169,476396.5099999999,0,0.0,0,0,0,0,0.0
8,10,PAYMENT,9653,110559458.95999995,0,0.0,0,0,0,0,0.0
8,10,TRANSFER,2634,1655946105.7599974,4,2356489.5,4,4,0,0,2356489.5
8,11,CASH_IN,6977,1244107381.409999,0,0.0,0,0,0,0,0.0
8,11,CASH_OUT,11771,2283211215.500002,5,18219556.1,10,5,5,0,18219556.1
8,11,DEBIT,200,490647.35999999987,0,0.0,0,0,0,0,0.0
8,11,PAYMENT,9910,132542341.3099998,0,0.0,0,0,0,0,0.0
8,11,TRANSFER,2623,1979456895.7299995,5,18219556.1,5,5,0,0,18219556.1
8,12,CASH_IN,7129,1230566605.2100012,0,0.0,0,0,0,0,0.0
8,12,CASH_OUT,11860,2251977966.3499928,6,3607752.1999999997,10,5,5,1,3275022.66
8,12,DEBIT,191,779488.1299999999,0,0.0,0,0,0,0,0.0
8,12,PAYMENT,9887,156524767.16999984,0,0.0,0,0,0,0,0.0
8,12,TRANSFER,2682,2041471142.8099995,5,3275022.66,5,5,0,0,3275022.66
8,13,CASH_IN,6967,1248313378.7099998,0,0.0,0,0,0,0,0.0
8,13,CASH_OUT,11709,2181076529.600004,4,2715120.86,10,4,6,0,2715120.86
8,13,DEBIT,178,802683.4599999998,0,0.0,0,0,0,0,0.0
8,13,PAYMENT,10211,121377115.50000055,0,0.0,0,0,0,0,0.0
8,13,TRANSFER,2835,1681899407.2200017,4,2715120.86,4,4,0,0,2715120.86
8,14,CASH_IN,6896,1211934782.8099988,0,0.0,0,0,0,0,0.0
8,14,CASH_OUT,11569,2080833336.5200005,8,9489233.55,11,8,3,0,9489233.55
8,14,DEBIT,185,865043.5599999992,0,0.0,0,0,0,0,0.0
8,14,PAYMENT,9996,119444587.57999925,0,0.0,0,0,0,0,0.0
8,14,TRANSFER,2553,1279365575.74,8,9489233.55,8,8,0,0,9489233.55
8,15,CASH_IN,7430,1286987486.53,0,0.0,0,0,0,0,0.0
8,15,CASH_OUT,11657,2071544508.180001,4,320639.13,8,4,4,0,320639.13
8,15,DEBIT,201,3307330.520000003,0,0.0,0,0,0,0,0.0
8,15,PAYMENT,10049,130879875.36000006,0,0.0,0,0,0,0,0.0
8,15,TRANSFER,2838,1569255681.4099967,4,320639.13,5,4,1,0,320639.13
8,16,CASH_IN,8578,1494911450.1400037,0,0.0,0,0,0,0,0.0
8,16,CASH_OUT,13997,2481847397.2100053,8,2797762.93,10,8,2,0,2797762.93
8,16,DEBIT,208,3355222.2,0,0.0,0,0,0,0,0.0
8,16,PAYMENT,11593,157911083.2400003,0,0.0,0,0,0,0,0.0
8,16,TRANSFER,2947,2015869312.5000007,8,2797762.93,8,8,0,0,2797762.93
8,17,CASH_IN,9830,1630383186.8500001,0,0.0,0,0,0,0,0.0
8,17,CASH_OUT,17101,2818413099.4700027,9,18717997.39,14,8,6,1,18488087.82
8,17,DEBIT,204,492761.48000000004,0,0.0,0,0,0,0,0.0
8,17,PAYMENT,13060,161683230.90999976,0,0.0,0,0,0,0,0.0
8,17,TRANSFER,3552,1920330642.300003,8,18488087.82,9,8,1,0,18488087.82
8,18,CASH_IN,11120,1731484376.3099914,0,0.0,0,0,0,0,0.0
8,18,CASH_OUT,18646,2858251494.6800065,5,11878371.17,12,5,7,0,11878371.17
8,18,DEBIT,241,739768.1800000002,0,0.0,0,0,0,0,0.0
8,18,PAYMENT,15176,116304169.09000067,0,0.0,0,0,0,0,0.0
8,18,TRANSFER,3900,2684479441.299997,5,11878371.17,5,5,0,0,11878371.17
8,19,CASH_IN,8582,1270005281.2399986,0,0.0,0,0,0,0,0.0
8,19,CASH_OUT,13770,1997252946.219998,5,10389388.43,6,5,1,0,10389388.43
8,19,DEBIT,209,598089.8800000001,0,0.0,0,0,0,0,0.0
8,19,PAYMENT,13417,97417305.81000006,0,0.0,0,0,0,0,0.0
8,19,TRANSFER,3101,1310049201.3000014,5,10389388.43,5,5,0,0,10389388.43
8,20,CASH_IN,3531,525739667.35999876,0,0.0,0,0,0,0,0.0
8,20,CASH_OUT,5319,791894827.8000007,5,5069387.0,5,5,0,0,5069387.0
8,20,DEBIT,131,351450.7900000001,0,0.0,0,0,0,0,0.0
8,20,PAYMENT,7128,52043079.87000003,0,0.0,0,0,0,0,0.0
8,20,TRANSFER,1565,631778236.8500006,5,5069387.0,5,5,0,0,5069387.0
8,21,CASH_IN,2442,350253481.4099998,0,0.0,0,0,0,0,0.0
8,21,CASH_OUT,2974,458010072.25999916,4,11056287.280000001,4,4,0,0,11056287.280000001
8,21,DEBIT,118,336149.34,0,0.0,0,0,0,0,0.0
8,21,PAYMENT,6028,47304673.77999996,0,0.0,0,0,0,0,0.0
8,21,TRANSFER,1107,494491450.4300004,4,11056287.280000001,4,4,0,0,11056287.280000001
8,22,CASH_IN,1600,236784804.43,0,0.0,0,0,0,0,0.0
8,22,CASH_OUT,1600,269933515.3800001,6,2696497.63,6,6,0,0,2696497.63
8,22,DEBIT,139,425083.6400000001,0,0.0,0,0,0,0,0.0
8,22,PAYMENT,5003,33504935.440000027,0,0.0,0,0,0,0,0.0
8,22,TRANSFER,769,346187450.4899999,6,2696497.63,6,6,0,0,2696497.63
8,23,CASH_IN,732,113018883.24999988,0,0.0,0,0,0,0,0.0
8,23,CASH_OUT,682,109508255.50000009,5,4154804.38,5,5,0,0,4154804.38
8,23,DEBIT,91,270857.7,0,0.0,0,0,0,0,0.0
8,23,PAYMENT,2378,15618193.290000008,0,0.0,0,0,0,0,0.0
8,23,TRANSFER,431,170963554.39999986,5,4154804.38,5,5,0,0,4154804.38
9,0,CASH_IN,264,39527835.98,0,0.0,0,0,0,0,0.0
9,0,CASH_OUT,194,32166112.519999977,4,1143739.4699999997,4,4,0,0,1143739.4699999997
9,0,DEBIT,64,381480.18000000005,0,0.0,0,0,0,0,0.0
9,0,PAYMENT,901,27128037.229999974,0,0.0,0,0,0,0,0.0
9,0,TRANSFER,88,37392425.19,4,1143739.4699999997,14,4,10,0,1143739.4699999997
9,1,CASH_IN,168,24573166.689999998,0,0.0,0,0,0,0,0.0
9,1,CASH_OUT,83,18655664.2,6,6480885.01,6,6,0,0,6480885.01
9,1,DEBIT,35,98662.26000000002,0,0.0,0,0,0,0,0.0
9,1,PAYMENT,352,2082013.2699999998,0,0.0,0,0,0,0,0.0
9,1,TRANSFER,33,13032754.709999999,6,6480885.01,9,6,3,0,6480885.01
9,2,CASH_IN,28,4692380.3,0,0.0,0,0,0,0,0.0
9,2,CASH_OUT,35,7958483.719999999,5,3426017.61,5,5,0,0,3426017.61
9,2,DEBIT,5,14365.36,0,0.0,0,0,0,0,0.0
9,2,PAYMENT,58,419847.1300000001,0,0.0,0,0,0,0,0.0
9,2,TRANSFER,15,7487699.46,5,3426017.61,6,5,1,0,3426017.61
9,3,CASH_OUT,4,2499482.9699999997,4,2499482.9699999997,4,4,0,0,2499482.9699999997
9,3,TRANSFER,4,2499482.9699999997,4,2499482.9699999997,4,4,0,0,2499482.9699999997
9,4,CASH_OUT,2,2447486.75,2,2447486.75,2,2,0,0,2447486.75
9,4,TRANSFER,2,2447486.75,2,2447486.75,2,2,0,0,2447486.75
9,5,CASH_OUT,6,19776602.419999998,6,19776602.419999998,6,6,0,0,19776602.419999998
9,5,TRANSFER,6,19776602.419999998,6,19776602.419999998,6,6,0,0,19776602.419999998
9,6,CASH_OUT,5,5075902.22,5,5075902.22,5,5,0,0,5075902.22
9,6,TRANSFER,5,5075902.22,5,5075902.22,5,5,0,0,5075902.22
9,7,CASH_OUT,4,13089572.8,4,13089572.8,4,4,0,0,13089572.8
9,7,TRANSFER,4,13089572.8,4,13089572.8,4,4,0,0,13089572.8
9,8,CASH_IN,3725,596549841.9600006,0,0.0,0,0,0,0,0.0
9,8,CASH_OUT,5693,975779548.4600005,4,3720821.04,6,4,2,0,3720821.04
9,8,DEBIT,61,298707.1099999999,0,0.0,0,0,0,0,0.0
9,8,PAYMENT,6868,49948686.92000002,0,0.0,0,0,0,0,0.0
9,8,TRANSFER,1616,822124860.7600005,4,3720821.04,4,4,0,0,3720821.04
9,9,CASH_IN,7423,1222215901.430004,0,0.0,0,0,0,0,0.0
9,9,CASH_OUT,11410,1967390008.7100084,1,2263927.04,7,1,6,0,2263927.04
9,9,DEBIT,94,283758.9299999999,0,0.0,0,0,0,0,0.0
9,9,PAYMENT,10391,90112661.6799998,0,0.0,0,0,0,0,0.0
9,9,TRANSFER,2631,1324336756.5300007,1,2263927.04,1,1,0,0,2263927.04
9,10,CASH_IN,8142,1339659953.730001,0,0.0,0,0,0,0,0.0
9,10,CASH_OUT,13315,2353357825.210004,4,8073360.66,8,4,4,0,8073360.66
9,10,DEBIT,138,656713.76,0,0.0,0,0,0,0,0.0
9,10,PAYMENT,11627,116924739.69999973,0,0.0,0,0,0,0,0.0
9,10,TRANSFER,2954,1466577646.6300008,4,8073360.66,4,4,0,0,8073360.66
9,11,CASH_IN,8319,1337017443.0000033,0,0.0,0,0,0,0,0.0
9,11,CASH_OUT,13764,2323224184.870017,3,2305391.01,6,3,3,0,2305391.01
9,11,DEBIT,162,610689.6000000001,0,0.0,0,0,0,0,0.0
9,11,PAYMENT,11621,110382120.29000002,0,0.0,0,0,0,0,0.0
9,11,TRANSFER,2990,1513534535.320003,3,2305391.01,4,3,1,0,2305391.01
9,12,CASH_IN,7411,1195533280.6799996,0,0.0,0,0,0,0,0.0
9,12,CASH_OUT,12564,2108752006.5700042,8,2763621.92,11,8,3,0,2763621.92
9,12,DEBIT,153,525110.3799999998,0,0.0,0,0,0,0,0.0
9,12,PAYMENT,10572,107906195.57999969,0,0.0,0,0,0,0,0.0
9,12,TRANSFER,2849,1952616671.2700002,8,2763621.92,8,8,0,0,2763621.92
9,13,CASH_IN,6372,1059933213.1300002,0,0.0,0,0,0,0,0.0
9,13,CASH_OUT,10936,1811579625.4299963,6,8295940.94,8,6,2,0,8295940.94
9,13,DEBIT,133,473817.4400000002,0,0.0,0,0,0,0,0.0
9,13,PAYMENT,9765,99009565.2100001,0,0.0,0,0,0,0,0.0
9,13,TRANSFER,2571,1235652313.7800004,6,8295940.94,6,6,0,0,8295940.94
9,14,CASH_IN,6260,1033567238.6500007,0,0.0,0,0,0,0,0.0
9,14,CASH_OUT,10293,1702650468.980001,3,1048601.1,3,3,0,0,1048601.1
9,14,DEBIT,136,551009.73,0,0.0,0,0,0,0,0.0
9,14,PAYMENT,9153,98201756.73999994,0,0.0,0,0,0,0,0.0
9,14,TRANSFER,2446,1243747916.6299987,3,1048601.1,3,3,0,0,1048601.1
9,15,CASH_IN,6181,1021815798.509999,0,0.0,0,0,0,0,0.0
9,15,CASH_OUT,10470,1753454217.1999967,11,11767808.23,13,10,3,1,11476288.39
9,15,DEBIT,148,492324.7,0,0.0,0,0,0,0,0.0
9,15,PAYMENT,9789,94745271.77999955,0,0.0,0,0,0,0,0.0
9,15,TRANSFER,2470,1210747742.2600026,10,11476288.39,10,10,0,0,11476288.39
9,16,CASH_IN,6402,1031321554.2799993,0,0.0,0,0,0,0,0.0
9,16,CASH_OUT,11345,1833472335.8799968,3,8890208.049999999,4,3,1,0,8890208.049999999
9,16,DEBIT,177,580926.5800000001,0,0.0,0,0,0,0,0.0
9,16,PAYMENT,9945,91714364.49999997,0,0.0,0,0,0,0,0.0
9,16,TRANSFER,2503,1184614283.8800004,3,8890208.049999999,3,3,0,0,8890208.049999999
9,17,CASH_IN,6874,1086204856.1000013,0,0.0,0,0,0,0,0.0
9,17,CASH_OUT,12668,1893184894.9599938,4,3433886.76,4,4,0,0,3433886.76
9,17,DEBIT,116,332187.31999999995,0,0.0,0,0,0,0,0.0
9,17,PAYMENT,10895,103717963.96999972,0,0.0,0,0,0,0,0.0
9,17,TRANSFER,2451,1285694658.5600014,4,3433886.76,4,4,0,0,3433886.76
9,18,CASH_IN,7972,1210249807.7699997,0,0.0,0,0,0,0,0.0
9,18,CASH_OUT,14288,2015328260.699998,7,8761270.739999998,14,7,7,0,8761270.739999998
9,18,DEBIT,152,558112.6900000004,0,0.0,0,0,0,0,0.0
9,18,PAYMENT,11734,109112430.8400006,0,0.0,0,0,0,0,0.0
9,18,TRANSFER,2743,1427855894.0899992,7,8761270.739999998,7,7,0,0,8761270.739999998
9,19,CASH_IN,6886,992760783.7800003,0,0.0,0,0,0,0,0.0
9,19,CASH_OUT,12124,1717737114.3799963,20,49690806.16,22,20,2,0,49690806.16
9,19,DEBIT,184,584196.4700000002,0,0.0,0,0,0,0,0.0
9,19,PAYMENT,12304,117165034.59999986,0,0.0,0,0,0,0,0.0
9,19,TRANSFER,2549,1557888295.0899973,20,54644699.239999995,20,20,0,0,54644699.239999995
9,20,CASH_IN,2980,439744734.6699987,0,0.0,0,0,0,0,0.0
9,20,CASH_OUT,4005,592661110.3300002,4,4797989.8,5,4,1,0,4797989.8
9,20,DEBIT,106,282499.86,0,0.0,0,0,0,0,0.0
9,20,PAYMENT,6528,81816952.63000005,0,0.0,0,0,0,0,0.0
9,20,TRANSFER,1156,761519477.3500009,4,4797989.8,4,4,0,0,4797989.8
9,21,CASH_IN,2028,308560363.99999994,0,0.0,0,0,0,0,0.0
9,21,CASH_OUT,2244,363803630.0299996,6,6698551.289999999,6,6,0,0,6698551.289999999
9,21,DEBIT,83,503428.45000000007,0,0.0,0,0,0,0,0.0
9,21,PAYMENT,5471,64825358.560000196,0,0.0,0,0,0,0,0.0
9,21,TRANSFER,920,594221408.9599994,6,6698551.289999999,6,6,0,0,6698551.289999999
9,22,CASH_IN,1352,216864528.38999966,0,0.0,0,0,0,0,0.0
9,22,CASH_OUT,1479,258067517.59999964,5,11737252.180000002,5,5,0,0,11737252.180000002
9,22,DEBIT,94,198087.36,0,0.0,0,0,0,0,0.0
9,22,PAYMENT,4428,49578013.560000025,0,0.0,0,0,0,0,0.0
9,22,TRANSFER,622,516104010.0000002,5,11737252.180000002,5,5,0,0,11737252.180000002
9,23,CASH_IN,574,94592795.54000005,0,0.0,0,0,0,0,0.0
9,23,CASH_OUT,723,125495137.22999988,3,1765314.59,3,3,0,0,1765314.59
9,23,DEBIT,87,184212.6099999999,0,0.0,0,0,0,0,0.0
9,23,PAYMENT,2379,23268350.960000016,0,0.0,0,0,0,0,0.0
9,23,TRANSFER,367,271064672.12,3,1765314.59,3,3,0,0,1765314.59
10,0,CASH_IN,519,83574395.45000002,0,0.0,0,0,0,0,0.0
10,0,CASH_OUT,648,124231370.36,8,6311556.130000001,8,8,0,0,6311556.130000001
10,0,DEBIT,106,271328.93,0,0.0,0,0,0,0,0.0
10,0,PAYMENT,1811,16453435.800000014,0,0.0,0,0,0,0,0.0
10,0,TRANSFER,263,188187845.31999996,8,6311556.130000001,72,8,64,0,6311556.130000001
10,1,CASH_OUT,6,11118941.989999998,6,11118941.989999998,6,6,0,0,11118941.989999998
10,1,TRANSFER,6,11118941.989999998,6,11118941.989999998,6,6,0,0,11118941.989999998
10,2,CASH_OUT,5,4281422.17,5,4281422.17,5,5,0,0,4281422.17
10,2,TRANSFER,5,4281422.17,5,4281422.17,5,5,0,0,4281422.17
10,3,CASH_OUT,3,4843548.539999999,3,4843548.539999999,3,3,0,0,4843548.539999999
10,3,TRANSFER,3,4843548.539999999,3,4843548.539999999,3,3,0,0,4843548.539999999
10,4,CASH_OUT,5,2643093.07,5,2643093.07,5,5,0,0,2643093.07
10,4,TRANSFER,5,2643093.07,5,2643093.07,5,5,0,0,2643093.07
10,5,CASH_OUT,4,2974650.12,4,2974650.12,4,4,0,0,2974650.12
10,5,TRANSFER,4,2974650.12,4,2974650.12,4,4,0,0,2974650.12
10,6,CASH_OUT,4,3293724.2399999998,4,3293724.2399999998,4,4,0,0,3293724.2399999998
10,6,TRANSFER,4,3293724.2399999998,4,3293724.2399999998,4,4,0,0,3293724.2399999998
10,7,CASH_OUT,5,10117496.29,5,10117496.29,5,5,0,0,10117496.29
10,7,TRANSFER,5,10117496.29,5,10117496.29,5,5,0,0,10117496.29
10,8,CASH_IN,4081,677332739.900001,0,0.0,0,0,0,0,0.0
10,8,CASH_OUT,6359,1196035435.539999,6,2266770.88,7,6,1,0,2266770.88
10,8,DEBIT,61,185042.94,0,0.0,0,0,0,0,0.0
10,8,PAYMENT,6254,141421794.4499998,0,0.0,0,0,0,0,0.0
10,8,TRANSFER,1611,1570733416.2800012,6,2266770.88,6,6,0,0,2266770.88
10,9,CASH_IN,6252,1151875050.9699988,0,0.0,0,0,0,0,0.0
10,9,CASH_OUT,9643,1944904848.7899961,6,11505216.48,8,6,2,0,11505216.48
10,9,DEBIT,112,422610.37999999995,0,0.0,0,0,0,0,0.0
10,9,PAYMENT,9138,201430230.62999976,0,0.0,0,0,0,0,0.0
10,9,TRANSFER,2377,2827008432.279999,6,11505216.48,6,6,0,0,11505216.48
10,10,CASH_IN,6976,1251403346.4699974,0,0.0,0,0,0,0,0.0
10,10,CASH_OUT,11235,2218778028.440006,7,8527779.61,7,7,0,0,8527779.61
10,10,DEBIT,94,418399.67,0,0.0,0,0,0,0,0.0
10,10,PAYMENT,9911,223794199.52999976,0,0.0,0,0,0,0,0.0
10,10,TRANSFER,2655,2309904488.7300034,7,8527779.61,7,7,0,0,8527779.61
10,11,CASH_IN,7110,1281054094.1100016,0,0.0,0,0,0,0,0.0
10,11,CASH_OUT,11453,2345185927.289996,8,19965290.04,10,8,2,0,19965290.04
10,11,DEBIT,138,520483.63,0,0.0,0,0,0,0,0.0
10,11,PAYMENT,9668,195952562.69,0,0.0,0,0,0,0,0.0
10,11,TRANSFER,2596,2090196448.3799963,8,19965290.04,8,8,0,0,19965290.04
10,12,CASH_IN,6249,1176329743.2600026,0,0.0,0,0,0,0,0.0
10,12,CASH_OUT,10463,1999673088.4899921,4,998997.71,6,4,2,0,998997.71
10,12,DEBIT,185,801097.2,0,0.0,0,0,0,0,0.0
10,12,PAYMENT,8885,142974613.96000051,0,0.0,0,0,0,0,0.0
10,12,TRANSFER,2522,1722568231.5600019,4,998997.71,4,4,0,0,998997.71
10,13,CASH_IN,5997,1053779484.9899995,0,0.0,0,0,0,0,0.0
10,13,CASH_OUT,9195,1765678379.9200006,9,19345280.27,11,8,3,1,19304669.05
10,13,DEBIT,145,587738.96,0,0.0,0,0,0,0,0.0
10,13,PAYMENT,8613,108724155.2400001,0,0.0,0,0,0,0,0.0
10,13,TRANSFER,2084,1502922285.7299995,8,19304669.05,8,8,0,0,19304669.05
10,14,CASH_IN,6228,1123080930.0299978,0,0.0,0,0,0,0,0.0
10,14,CASH_OUT,9625,1863712046.9600108,9,9135366.82,9,8,1,1,9040994.21
10,14,DEBIT,156,789941.2700000003,0,0.0,0,0,0,0,0.0
10,14,PAYMENT,8660,107312169.64999983,0,0.0,0,0,0,0,0.0
10,14,TRANSFER,2299,1556378999.6799972,8,9040994.21,8,8,0,0,9040994.21
10,15,CASH_IN,6090,1095641567.2599957,0,0.0,0,0,0,0,0.0
10,15,CASH_OUT,10248,2015905562.849993,5,5078380.99,6,5,1,0,5078380.99
10,15,DEBIT,161,711505.4300000002,0,0.0,0,0,0,0,0.0
10,15,PAYMENT,8571,112797558.96,0,0.0,0,0,0,0,0.0
10,15,TRANSFER,2412,1611572065.5699995,5,5078380.99,6,5,1,0,5078380.99
10,16,CASH_IN,3383,602529795.8599985,0,0.0,0,0,0,0,0.0
10,16,CASH_OUT,5196,931427238.1099986,6,1554813.6099999999,12,6,6,0,1554813.6099999999
10,16,DEBIT,100,373009.13,0,0.0,0,0,0,0,0.0
10,16,PAYMENT,4718,70543610.43999992,0,0.0,0,0,0,0,0.0
10,16,TRANSFER,1306,796935662.7399994,6,1554813.6099999999,6,6,0,0,1554813.6099999999
10,17,CASH_IN,7264,1243672865.1600003,0,0.0,0,0,0,0,0.0
10,17,CASH_OUT,13538,2333483470.2699947,7,1823697.7600000002,12,7,5,0,1823697.7600000002
10,17,DEBIT,225,1294307.76,0,0.0,0,0,0,0,0.0
10,17,PAYMENT,10299,151968408.06000018,0,0.0,0,0,0,0,0.0
10,17,TRANSFER,2727,1642788134.4899983,7,1823697.7600000002,8,7,1,0,1823697.7600000002
10,18,CASH_IN,10627,1713330097.7800028,0,0.0,0,0,0,0,0.0
10,18,CASH_OUT,18494,2805593786.5600004,5,5007066.1899999995,9,5,4,0,5007066.1899999995
10,18,DEBIT,259,1904866.6,0,0.0,0,0,0,0,0.0
10,18,PAYMENT,14405,154404552.94000015,0,0.0,0,0,0,0,0.0
10,18,TRANSFER,3706,2622911775.040002,5,5007066.1899999995,5,5,0,0,5007066.1899999995
10,19,CASH_IN,7576,1121115741.8500023,0,0.0,0,0,0,0,0.0
10,19,CASH_OUT,13596,1983598590.5300071,5,6651595.4399999995,5,5,0,0,6651595.4399999995
10,19,DEBIT,221,1108882.8900000004,0,0.0,0,0,0,0,0.0
10,19,PAYMENT,12942,130572991.07999927,0,0.0,0,0,0,0,0.0
10,19,TRANSFER,2774,1327610442.3699985,5,6651595.4399999995,5,5,0,0,6651595.4399999995
10,20,CASH_IN,3422,501454469.6899988,0,0.0,0,0,0,0,0.0
10,20,CASH_OUT,4475,679888638.0700003,6,25855060.060000002,6,6,0,0,25855060.060000002
10,20,DEBIT,114,597232.5499999999,0,0.0,0,0,0,0,0.0
10,20,PAYMENT,6695,56641632.94,0,0.0,0,0,0,0,0.0
10,20,TRANSFER,1297,629665732.5500008,6,25855060.060000002,6,6,0,0,25855060.060000002
10,21,CASH_IN,1994,297635240.0099999,0,0.0,0,0,0,0,0.0
10,21,CASH_OUT,2542,389130630.65000063,7,15954175.389999999,7,7,0,0,15954175.389999999
10,21,DEBIT,140,459432.97,0,0.0,0,0,0,0,0.0
10,21,PAYMENT,5318,46600770.97999995,0,0.0,0,0,0,0,0.0
10,21,TRANSFER,926,477888649.85999954,7,15954175.389999999,7,7,0,0,15954175.389999999
10,22,CASH_IN,1400,218911091.24000013,0,0.0,0,0,0,0,0.0
10,22,CASH_OUT,1636,278087435.29999995,5,1544596.7999999998,5,5,0,0,1544596.7999999998
10,22,DEBIT,105,536810.6499999999,0,0.0,0,0,0,0,0.0
10,22,PAYMENT,4683,38880326.75999987,0,0.0,0,0,0,0,0.0
10,22,TRANSFER,730,395069500.97000015,5,1544596.7999999998,5,5,0,0,1544596.7999999998
10,23,CASH_IN,639,99328219.27000001,0,0.0,0,0,0,0,0.0
10,23,CASH_OUT,735,124943623.92999995,7,5799320.5,7,7,0,0,5799320.5
10,23,DEBIT,91,262920.30999999994,0,0.0,0,0,0,0,0.0
10,23,PAYMENT,2324,21225767.130000003,0,0.0,0,0,0,0,0.0
10,23,TRANSFER,400,214212944.76000008,7,5799320.5,7,7,0,0,5799320.5
11,0,CASH_IN,290,46192430.69999998,0,0.0,0,0,0,0,0.0
11,0,CASH_OUT,287,49841472.930000015,9,5084822.0600000005,9,9,0,0,5084822.0600000005
11,0,DEBIT,81,161641.63000000003,0,0.0,0,0,0,0,0.0
11,0,PAYMENT,1037,6612955.969999997,0,0.0,0,0,0,0,0.0
11,0,TRANSFER,170,77572199.24000001,9,5084822.0600000005,28,9,19,0,5084822.0600000005
11,1,CASH_IN,138,22845700.14999998,0,0.0,0,0,0,0,0.0
11,1,CASH_OUT,79,18851316.14000001,4,7287610.84,4,4,0,0,7287610.84
11,1,DEBIT,5,13769.58,0,0.0,0,0,0,0,0.0
11,1,PAYMENT,382,2729404.0299999993,0,0.0,0,0,0,0,0.0
11,1,TRANSFER,33,21490529.62,4,7287610.84,9,4,5,0,7287610.84
11,2,CASH_OUT,4,8123938.0600000005,4,8123938.0600000005,4,4,0,0,8123938.0600000005
11,2,TRANSFER,4,8123938.0600000005,4,8123938.0600000005,4,4,0,0,8123938.0600000005
11,3,CASH_OUT,6,13649662.54,6,13649662.54,6,6,0,0,13649662.54
11,3,TRANSFER,6,13649662.54,6,13649662.54,6,6,0,0,13649662.54
11,4,CASH_OUT,2,812345.8899999999,2,812345.8899999999,2,2,0,0,812345.8899999999
11,4,TRANSFER,2,812345.8899999999,2,812345.8899999999,2,2,0,0,812345.8899999999
11,5,CASH_OUT,2,846068.79,2,846068.79,2,2,0,0,846068.79
11,5,TRANSFER,2,846068.79,2,846068.79,2,2,0,0,846068.79
11,6,CASH_OUT,4,3237779.02,4,3237779.02,4,4,0,0,3237779.02
11,6,TRANSFER,4,3237779.02,4,3237779.02,4,4,0,0,3237779.02
11,7,CASH_OUT,5,14121887.350000001,5,14121887.350000001,5,5,0,0,14121887.350000001
11,7,TRANSFER,5,14121887.350000001,5,14121887.350000001,5,5,0,0,14121887.350000001
11,8,CASH_IN,5610,911844745.4399977,0,0.0,0,0,0,0,0.0
11,8,CASH_OUT,7562,1350026530.9800062,14,23510120.52,14,14,0,0,23510120.52
11,8,DEBIT,95,726716.0300000001,0,0.0,0,0,0,0,0.0
11,8,PAYMENT,7894,112619264.35999985,0,0.0,0,0,0,0,0.0
11,8,TRANSFER,2048,1417583665.9699984,14,23510120.52,14,14,0,0,23510120.52
11,9,CASH_IN,7271,1320554041.4899967,0,0.0,0,0,0,0,0.0
11,9,CASH_OUT,11700,2250300195.579997,11,33263516.94,14,11,3,0,33263516.94
11,9,DEBIT,140,2053672.2800000003,0,0.0,0,0,0,0,0.0
11,9,PAYMENT,10226,190488198.53999984,0,0.0,0,0,0,0,0.0
11,9,TRANSFER,2517,2562864792.399999,11,34606519.02,11,11,0,0,34606519.02
11,10,CASH_IN,7888,1425000703.989998,0,0.0,0,0,0,0,0.0
11,10,CASH_OUT,12788,2395893318.3400035,5,12006710.629999999,6,5,1,0,12006710.629999999
11,10,DEBIT,120,894627.5799999996,0,0.0,0,0,0,0,0.0
11,10,PAYMENT,11689,226757352.6999998,0,0.0,0,0,0,0,0.0
11,10,TRANSFER,2784,1722769718.6199977,5,12006710.629999999,5,5,0,0,12006710.629999999
11,11,CASH_IN,8040,1410080393.3999991,0,0.0,0,0,0,0,0.0
11,11,CASH_OUT,13062,2399282233.1499944,1,76200.04,8,1,7,0,76200.04
11,11,DEBIT,137,2027215.1500000001,0,0.0,0,0,0,0,0.0
11,11,PAYMENT,11440,210413374.83999965,0,0.0,0,0,0,0,0.0
11,11,TRANSFER,2911,1833114873.0199997,1,76200.04,1,1,0,0,76200.04
11,12,CASH_IN,7533,1315849085.0299954,0,0.0,0,0,0,0,0.0
11,12,CASH_OUT,12328,2261692260.530003,5,3601042.9000000004,6,5,1,0,3601042.9000000004
11,12,DEBIT,152,9438142.300000004,0,0.0,0,0,0,0,0.0
11,12,PAYMENT,10461,171524854.4800001,0,0.0,0,0,0,0,0.0
11,12,TRANSFER,2837,2183723382.039998,5,3601042.9000000004,5,5,0,0,3601042.9000000004
11,13,CASH_IN,6361,1087839046.1999998,0,0.0,0,0,0,0,0.0
11,13,CASH_OUT,10735,1860846192.3400002,5,2697375.74,5,5,0,0,2697375.74
11,13,DEBIT,135,528019.74,0,0.0,0,0,0,0,0.0
11,13,PAYMENT,9708,101457511.54999976,0,0.0,0,0,0,0,0.0
11,13,TRANSFER,2614,1470967051.4299996,5,2697375.74,5,5,0,0,2697375.74
11,14,CASH_IN,6395,1097661345.3100016,0,0.0,0,0,0,0,0.0
11,14,CASH_OUT,10350,1758042881.1700025,4,1090057.34,5,4,1,0,1090057.34
11,14,DEBIT,137,584620.9599999998,0,0.0,0,0,0,0,0.0
11,14,PAYMENT,9540,87020995.87999982,0,0.0,0,0,0,0,0.0
11,14,TRANSFER,2418,1031491136.6299998,4,1090057.34,6,4,2,0,1090057.34
11,15,CASH_IN,6056,1023364378.4599991,0,0.0,0,0,0,0,0.0
11,15,CASH_OUT,10386,1725468872.4099987,4,10177061.72,4,4,0,0,10177061.72
11,15,DEBIT,146,1463742.39,0,0.0,0,0,0,0,0.0
11,15,PAYMENT,9529,91669352.12000036,0,0.0,0,0,0,0,0.0
11,15,TRANSFER,2453,1076842988.4699998,4,10177061.72,4,4,0,0,10177061.72
11,16,CASH_IN,5905,947896295.1099998,0,0.0,0,0,0,0,0.0
11,16,CASH_OUT,10178,1595281696.6900058,3,6703896.9,5,3,2,0,6703896.9
11,16,DEBIT,127,357672.19999999995,0,0.0,0,0,0,0,0.0
11,16,PAYMENT,8519,82252934.23999996,0,0.0,0,0,0,0,0.0
11,16,TRANSFER,2114,979337213.0500002,3,6703896.9,4,3,1,0,6703896.9
11,17,CASH_IN,5998,942661427.2900009,0,0.0,0,0,0,0,0.0
11,17,CASH_OUT,10613,1650436794.3300014,4,3579737.76,8,4,4,0,3579737.76
11,17,DEBIT,133,443896.2599999999,0,0.0,0,0,0,0,0.0
11,17,PAYMENT,8740,77501199.4800001,0,0.0,0,0,0,0,0.0
11,17,TRANSFER,2178,912737019.240002,4,3579737.76,4,4,0,0,3579737.76
11,18,CASH_IN,9537,1378402686.6200027,0,0.0,0,0,0,0,0.0
11,18,CASH_OUT,16896,2274588293.8099847,5,11052770.280000001,7,5,2,0,11052770.280000001
11,18,DEBIT,216,716181.4899999994,0,0.0,0,0,0,0,0.0
11,18,PAYMENT,13390,97852713.07000032,0,0.0,0,0,0,0,0.0
11,18,TRANSFER,3289,1325337679.78,5,11052770.280000001,5,5,0,0,11052770.280000001
11,19,CASH_IN,6847,984614950.0899994,0,0.0,0,0,0,0,0.0
11,19,CASH_OUT,12055,1633913906.019997,6,19712187.78,6,6,0,0,19712187.78
11,19,DEBIT,119,556836.6900000002,0,0.0,0,0,0,0,0.0
11,19,PAYMENT,12136,85046615.1300001,0,0.0,0,0,0,0,0.0
11,19,TRANSFER,2517,1083317423.8600013,6,19712187.78,6,6,0,0,19712187.78
11,20,CASH_IN,3033,422884470.9699996,0,0.0,0,0,0,0,0.0
11,20,CASH_OUT,4174,579071756.5700003,10,13502879.03,10,10,0,0,13502879.03
11,20,DEBIT,50,458651.98,0,0.0,0,0,0,0,0.0
11,20,PAYMENT,5905,42339316.61999988,0,0.0,0,0,0,0,0.0
11,20,TRANSFER,1258,524267963.07000107,10,13502879.03,10,10,0,0,13502879.03
11,21,CASH_IN,2091,313422320.75999975,0,0.0,0,0,0,0,0.0
11,21,CASH_OUT,2635,361252803.86000013,11,11552571.97,11,11,0,0,11552571.97
11,21,DEBIT,79,501283.4900000001,0,0.0,0,0,0,0,0.0
11,21,PAYMENT,5358,37047948.69999997,0,0.0,0,0,0,0,0.0
11,21,TRANSFER,962,509268060.21000004,11,11552571.97,11,11,0,0,11552571.97
11,22,CASH_IN,1453,224146726.35999987,0,0.0,0,0,0,0,0.0
11,22,CASH_OUT,1509,222373058.97999963,3,632731.5099999999,3,3,0,0,632731.5099999999
11,22,DEBIT,100,327350.86,0,0.0,0,0,0,0,0.0
11,22,PAYMENT,4342,21992027.70999999,0,0.0,0,0,0,0,0.0
11,22,TRANSFER,617,216399029.2900002,3,632731.5099999999,3,3,0,0,632731.5099999999
11,23,CASH_IN,663,103692227.44,0,0.0,0,0,0,0,0.0
11,23,CASH_OUT,661,99083434.84000003,4,3233965.72,4,4,0,0,3233965.72
11,23,DEBIT,77,217807.94,0,0.0,0,0,0,0,0.0
11,23,PAYMENT,2296,11073372.26999998,0,0.0,0,0,0,0,0.0
11,23,TRANSFER,345,154922388.6399999,4,3233965.72,4,4,0,0,3233965.72
12,0,CASH_IN,305,48531611.03999998,0,0.0,0,0,0,0,0.0
12,0,CASH_OUT,186,36229989.46000001,6,11233740.93,6,6,0,0,11233740.93
12,0,DEBIT,60,212360.19000000003,0,0.0,0,0,0,0,0.0
12,0,PAYMENT,906,4459562.670000001,0,0.0,0,0,0,0,0.0
12,0,TRANSFER,124,55339639.000000015,6,11233740.93,15,6,9,0,11233740.93
12,1,CASH_IN,174,25538157.440000005,0,0.0,0,0,0,0,0.0
12,1,CASH_OUT,82,42345448.81999998,5,30892107.22,5,5,0,0,30892107.22
12,1,DEBIT,39,121378.48,0,0.0,0,0,0,0,0.0
12,1,PAYMENT,438,2453531.5200000005,0,0.0,0,0,0,0,0.0
12,1,TRANSFER,34,34546618.769999996,5,30892107.22,5,5,0,0,30892107.22
12,2,CASH_IN,1,44418.9,0,0.0,0,0,0,0,0.0
12,2,CASH_OUT,18,8314220.059999999,4,5878550.26,4,4,0,0,5878550.26
12,2,PAYMENT,30,72927.5,0,0.0,0,0,0,0,0.0
12,2,TRANSFER,28,45957891.309999995,4,5878550.26,11,4,7,0,5878550.26
12,3,CASH_OUT,3,4045207.3599999994,3,4045207.3599999994,3,3,0,0,4045207.3599999994
12,3,TRANSFER,3,4045207.3599999994,3,4045207.3599999994,3,3,0,0,4045207.3599999994
12,4,CASH_OUT,7,15393450.36,7,15393450.36,7,7,0,0,15393450.36
12,4,TRANSFER,7,15393450.36,7,15393450.36,7,7,0,0,15393450.36
12,5,CASH_OUT,8,3726854.6300000004,8,3726854.6300000004,8,8,0,0,3726854.6300000004
12,5,TRANSFER,8,3726854.6300000004,8,3726854.6300000004,8,8,0,0,3726854.6300000004
12,6,CASH_OUT,6,10805937.64,6,10805937.64,6,6,0,0,10805937.64
12,6,TRANSFER,6,10805937.64,6,10805937.64,6,6,0,0,10805937.64
12,7,CASH_OUT,6,7381464.65,6,7381464.65,6,6,0,0,7381464.65
12,7,TRANSFER,6,7381464.65,6,7381464.65,6,6,0,0,7381464.65
12,8,CASH_IN,1706,265805769.10999966,0,0.0,0,0,0,0,0.0
12,8,CASH_OUT,2509,382415475.19000024,10,11902084.3,10,10,0,0,11902084.3
12,8,DEBIT,73,296416.50000000006,0,0.0,0,0,0,0,0.0
12,8,PAYMENT,2859,20289673.940000024,0,0.0,0,0,0,0,0.0
12,8,TRANSFER,724,388720735.17999995,10,11902084.3,10,10,0,0,11902084.3
12,9,CASH_IN,4214,653819323.2300022,0,0.0,0,0,0,0,0.0
12,9,CASH_OUT,6515,1006581925.7699997,10,9682188.950000001,12,10,2,0,9682188.950000001
12,9,DEBIT,103,520373.1500000002,0,0.0,0,0,0,0,0.0
12,9,PAYMENT,6691,58620847.13000004,0,0.0,0,0,0,0,0.0
12,9,TRANSFER,1679,1106702166.209999,10,9682188.950000001,10,10,0,0,9682188.950000001
12,10,CASH_IN,5484,848555765.6300021,0,0.0,0,0,0,0,0.0
12,10,CASH_OUT,9070,1401926583.4299989,5,7306188.970000001,6,5,1,0,7306188.970000001
12,10,DEBIT,135,1054179.9600000002,0,0.0,0,0,0,0,0.0
12,10,PAYMENT,8151,80745595.67999983,0,0.0,0,0,0,0,0.0
12,10,TRANSFER,1957,1176022162.8700025,5,7306188.970000001,5,5,0,0,7306188.970000001
12,11,CASH_IN,5985,947767192.9399985,0,0.0,0,0,0,0,0.0
12,11,CASH_OUT,9635,1402262956.3099976,5,6814820.16,7,5,2,0,6814820.16
12,11,DEBIT,147,722528.7400000002,0,0.0,0,0,0,0,0.0
12,11,PAYMENT,8352,92570109.56000024,0,0.0,0,0,0,0,0.0
12,11,TRANSFER,2264,1969299486.8799956,5,6814820.16,5,5,0,0,6814820.16
12,12,CASH_IN,5932,921063441.6900014,0,0.0,0,0,0,0,0.0
12,12,CASH_OUT,9337,1435246730.99999,7,4167425.5100000002,7,7,0,0,4167425.5100000002
12,12,DEBIT,144,663739.6799999996,0,0.0,0,0,0,0,0.0
12,12,PAYMENT,8403,87735078.94000007,0,0.0,0,0,0,0,0.0
12,12,TRANSFER,2109,1599533663.5600023,7,4167425.5100000002,7,7,0,0,4167425.5100000002
12,13,CASH_IN,5715,912936723.3399991,0,0.0,0,0,0,0,0.0
12,13,CASH_OUT,9070,1372358841.3699958,2,329883.57999999996,2,2,0,0,329883.57999999996
12,13,DEBIT,140,693743.09,0,0.0,0,0,0,0,0.0
12,13,PAYMENT,8670,86517493.61999986,0,0.0,0,0,0,0,0.0
12,13,TRANSFER,2142,1650148370.7600002,2,329883.57999999996,2,2,0,0,329883.57999999996
12,14,CASH_IN,5694,905488615.0499986,0,0.0,0,0,0,0,0.0
12,14,CASH_OUT,9242,1439994866.0699987,11,32264067.37,13,11,2,0,32264067.37
12,14,DEBIT,141,521783.4099999999,0,0.0,0,0,0,0,0.0
12,14,PAYMENT,8738,86062689.72,0,0.0,0,0,0,0,0.0
12,14,TRANSFER,2110,1799188262.509998,11,32800691.78,11,11,0,0,32800691.78
12,15,CASH_IN,5891,909622916.9800006,0,0.0,0,0,0,0,0.0
12,15,CASH_OUT,9087,1367143104.8900032,2,744616.4099999999,3,2,1,0,744616.4099999999
12,15,DEBIT,148,479147.02000000014,0,0.0,0,0,0,0,0.0
12,15,PAYMENT,8713,90963314.00000015,0,0.0,0,0,0,0,0.0
12,15,TRANSFER,2117,1699918227.1399987,2,744616.4099999999,2,2,0,0,744616.4099999999
12,16,CASH_IN,5867,893754890.8800008,0,0.0,0,0,0,0,0.0
12,16,CASH_OUT,10224,1481228667.5100005,9,10817143.93,10,9,1,0,10817143.93
12,16,DEBIT,134,597586.3599999999,0,0.0,0,0,0,0,0.0
12,16,PAYMENT,9395,96392434.16000009,0,0.0,0,0,0,0,0.0
12,16,TRANSFER,2158,2032344013.6200023,9,10817143.93,9,9,0,0,10817143.93
12,17,CASH_IN,6554,977936728.1900002,0,0.0,0,0,0,0,0.0
12,17,CASH_OUT,11911,1629230193.889992,9,4010315.2600000002,11,9,2,0,4010315.2600000002
12,17,DEBIT,183,1740639.78,0,0.0,0,0,0,0,0.0
12,17,PAYMENT,10137,106989272.80999933,0,0.0,0,0,0,0,0.0
12,17,TRANSFER,2333,2365258895.5699987,9,4010315.2600000002,10,9,1,0,4010315.2600000002
12,18,CASH_IN,7662,1130245384.2800016,0,0.0,0,0,0,0,0.0
12,18,CASH_OUT,14076,1892183157.7599945,4,1982962.78,4,4,0,0,1982962.78
12,18,DEBIT,171,2945822.44,0,0.0,0,0,0,0,0.0
12,18,PAYMENT,12015,137968960.93999976,0,0.0,0,0,0,0,0.0
12,18,TRANSFER,2720,3095227834.5599995,4,1982962.78,4,4,0,0,1982962.78
12,19,CASH_IN,6819,982301623.0699995,0,0.0,0,0,0,0,0.0
12,19,CASH_OUT,11938,1628486117.719994,8,4493377.3100000005,8,8,0,0,4493377.3100000005
12,19,DEBIT,151,768944.1300000002,0,0.0,0,0,0,0,0.0
12,19,PAYMENT,12153,146729257.79999918,0,0.0,0,0,0,0,0.0
12,19,TRANSFER,2388,3164761389.3600016,8,4493377.3100000005,8,8,0,0,4493377.3100000005
12,20,CASH_IN,2747,411525714.4599999,0,0.0,0,0,0,0,0.0
12,20,CASH_OUT,4044,639233652.3099995,8,13786418.54,8,8,0,0,13786418.54
12,20,DEBIT,109,831565.88,0,0.0,0,0,0,0,0.0
12,20,PAYMENT,6288,76299102.2100001,0,0.0,0,0,0,0,0.0
12,20,TRANSFER,1078,1715088665.8300006,8,13786418.54,8,8,0,0,13786418.54
12,21,CASH_IN,2201,354621946.89000034,0,0.0,0,0,0,0,0.0
12,21,CASH_OUT,2556,430639653.8500004,4,3007953.8700000006,4,4,0,0,3007953.8700000006
12,21,DEBIT,120,323351.09,0,0.0,0,0,0,0,0.0
12,21,PAYMENT,5539,69254121.78000002,0,0.0,0,0,0,0,0.0
12,21,TRANSFER,917,1580548082.8900013,4,3007953.8700000006,4,4,0,0,3007953.8700000006
12,22,CASH_IN,970,164052786.28999987,0,0.0,0,0,0,0,0.0
12,22,CASH_OUT,1303,238656404.21000016,5,10333926.5,5,5,0,0,10333926.5
12,22,DEBIT,96,417774.13,0,0.0,0,0,0,0,0.0
12,22,PAYMENT,3944,72651789.24,0,0.0,0,0,0,0,0.0
12,22,TRANSFER,576,968879711.0500003,5,10333926.5,5,5,0,0,10333926.5
12,23,CASH_IN,533,94900489.1399999,0,0.0,0,0,0,0,0.0
12,23,CASH_OUT,671,125466837.19999999,5,2722573.5,5,5,0,0,2722573.5
12,23,DEBIT,100,276872.29,0,0.0,0,0,0,0,0.0
12,23,PAYMENT,2366,90328832.09999982,0,0.0,0,0,0,0,0.0
12,23,TRANSFER,348,629555700.9999998,5,2722573.5,5,5,0,0,2722573.5
13,0,CASH_IN,220,36334600.57000001,0,0.0,0,0,0,0,0.0
13,0,CASH_OUT,176,35700876.74999999,6,955284.15,6,6,0,0,955284.15
13,0,DEBIT,58,190691.85000000006,0,0.0,0,0,0,0,0.0
13,0,PAYMENT,889,10387016.039999995,0,0.0,0,0,0,0,0.0
13,0,TRANSFER,94,118329651.41,6,955284.15,28,6,22,0,955284.15
13,1,CASH_IN,147,27228880.130000003,0,0.0,0,0,0,0,0.0
13,1,CASH_OUT,49,10925434.210000003,4,2182566.55,4,4,0,0,2182566.55
13,1,DEBIT,30,137386.34000000003,0,0.0,0,0,0,0,0.0
13,1,PAYMENT,241,2542384.9899999998,0,0.0,0,0,0,0,0.0
13,1,TRANSFER,20,11314120.370000003,4,2182566.55,7,4,3,0,2182566.55
13,2,CASH_OUT,15,6460825.58,5,3773581.12,5,5,0,0,3773581.12
13,2,PAYMENT,13,62040.16,0,0.0,0,0,0,0,0.0
13,2,TRANSFER,16,48887154.379999995,5,3773581.12,9,5,4,0,3773581.12
13,3,CASH_OUT,4,3005441.56,4,3005441.56,4,4,0,0,3005441.56
13,3,TRANSFER,4,3005441.56,4,3005441.56,4,4,0,0,3005441.56
13,4,CASH_OUT,2,764798.75,2,764798.75,2,2,0,0,764798.75
13,4,TRANSFER,2,764798.75,2,764798.75,2,2,0,0,764798.75
13,5,CASH_OUT,9,13408398.040000001,9,13408398.040000001,9,9,0,0,13408398.040000001
13,5,TRANSFER,9,13408398.040000001,9,13408398.040000001,9,9,0,0,13408398.040000001
13,6,CASH_OUT,5,6624422.579999999,5,6624422.579999999,5,5,0,0,6624422.579999999
13,6,TRANSFER,5,6624422.579999999,5,6624422.579999999,5,5,0,0,6624422.579999999
13,7,CASH_OUT,11,24936704.999999996,11,24936704.999999996,11,11,0,0,24936704.999999996
13,7,TRANSFER,11,24936704.999999996,11,24936704.999999996,11,11,0,0,24936704.999999996
13,8,CASH_IN,4843,880412614.0199994,0,0.0,0,0,0,0,0.0
13,8,CASH_OUT,7017,1418838613.269995,4,10886641.05,6,4,2,0,10886641.05
13,8,DEBIT,102,459632.4099999999,0,0.0,0,0,0,0,0.0
13,8,PAYMENT,6906,172263433.08,0,0.0,0,0,0,0,0.0
13,8,TRANSFER,1741,3539253823.779994,4,10886641.05,4,4,0,0,10886641.05
13,9,CASH_IN,6924,1259963837.7399993,0,0.0,0,0,0,0,0.0
13,9,CASH_OUT,10782,2120932579.7999973,2,528073.8200000001,2,2,0,0,528073.8200000001
13,9,DEBIT,123,975588.1199999996,0,0.0,0,0,0,0,0.0
13,9,PAYMENT,9129,226517124.6399994,0,0.0,0,0,0,0,0.0
13,9,TRANSFER,2621,5809589502.449999,2,528073.8200000001,2,2,0,0,528073.8200000001
13,10,CASH_IN,7500,1351413823.1399975,0,0.0,0,0,0,0,0.0
13,10,CASH_OUT,11547,2274125602.5299964,5,9088942.58,7,5,2,0,9088942.58
13,10,DEBIT,167,4793600.969999998,0,0.0,0,0,0,0,0.0
13,10,PAYMENT,10259,214542633.06999996,0,0.0,0,0,0,0,0.0
13,10,TRANSFER,2467,5006693148.989995,5,9088942.58,5,5,0,0,9088942.58
13,11,CASH_IN,7100,1336473473.4100008,0,0.0,0,0,0,0,0.0
13,11,CASH_OUT,11657,2193823138.789996,4,2009300.67,9,4,5,0,2009300.67
13,11,DEBIT,170,1001345.1999999998,0,0.0,0,0,0,0,0.0
13,11,PAYMENT,9735,188806527.11000052,0,0.0,0,0,0,0,0.0
13,11,TRANSFER,2514,5881952878.92999,4,2009300.67,4,4,0,0,2009300.67
13,12,CASH_IN,6807,1260485909.6799998,0,0.0,0,0,0,0,0.0
13,12,CASH_OUT,11601,2257636154.1400023,2,491390.01,5,2,3,0,491390.01
13,12,DEBIT,171,844813.93,0,0.0,0,0,0,0,0.0
13,12,PAYMENT,9743,180391714.7999999,0,0.0,0,0,0,0,0.0
13,12,TRANSFER,2559,5176282830.569999,2,491390.01,2,2,0,0,491390.01
13,13,CASH_IN,6563,1220373667.7600012,0,0.0,0,0,0,0,0.0
13,13,CASH_OUT,10748,2069118691.219996,4,3476599.54,8,4,4,0,3476599.54
13,13,DEBIT,182,638079.3899999997,0,0.0,0,0,0,0,0.0
13,13,PAYMENT,9151,168917719.73999968,0,0.0,0,0,0,0,0.0
13,13,TRANSFER,2483,5825915339.100001,4,3476599.54,4,4,0,0,3476599.54
13,14,CASH_IN,5845,1089456927.8400016,0,0.0,0,0,0,0,0.0
13,14,CASH_OUT,8847,1773707814.9999983,7,27370192.009999998,9,7,2,0,27370192.009999998
13,14,DEBIT,160,1002531.88,0,0.0,0,0,0,0,0.0
13,14,PAYMENT,7745,182354142.75000072,0,0.0,0,0,0,0,0.0
13,14,TRANSFER,2117,8678193541.65,7,27370192.009999998,7,7,0,0,27370192.009999998
13,15,CASH_IN,6065,1056200611.3399976,0,0.0,0,0,0,0,0.0
13,15,CASH_OUT,9135,1749875854.259993,1,46661.03,4,1,3,0,46661.03
13,15,DEBIT,164,610639.9800000002,0,0.0,0,0,0,0,0.0
13,15,PAYMENT,7873,124372250.7999996,0,0.0,0,0,0,0,0.0
13,15,TRANSFER,3460,22032490987.55997,1,46661.03,1,1,0,0,46661.03
13,16,CASH_IN,7633,1365381492.3899984,0,0.0,0,0,0,0,0.0
13,16,CASH_OUT,12967,2407666917.0600095,7,16329696.240000002,9,7,2,0,16329696.240000002
13,16,DEBIT,217,994838.9100000001,0,0.0,0,0,0,0,0.0
13,16,PAYMENT,10235,179103229.12999946,0,0.0,0,0,0,0,0.0
13,16,TRANSFER,3543,15052100088.460003,7,16329696.240000002,7,7,0,0,16329696.240000002
13,17,CASH_IN,9917,1726900793.0699997,0,0.0,0,0,0,0,0.0
13,17,CASH_OUT,17129,2874187827.190005,6,17831136.03,8,6,2,0,17831136.03
13,17,DEBIT,256,1222466.9099999997,0,0.0,0,0,0,0,0.0
13,17,PAYMENT,12995,184112434.1999997,0,0.0,0,0,0,0,0.0
13,17,TRANSFER,3318,3169003005.3499985,6,17831136.03,7,6,1,0,17831136.03
13,18,CASH_IN,10880,1793342672.7199981,0,0.0,0,0,0,0,0.0
13,18,CASH_OUT,17855,2718906863.9900107,8,6494815.63,10,8,2,0,6494815.63
13,18,DEBIT,224,1135806.7400000005,0,0.0,0,0,0,0,0.0
13,18,PAYMENT,14379,192857221.18999952,0,0.0,0,0,0,0,0.0
13,18,TRANSFER,3630,3805762474.839994,8,6494815.63,8,8,0,0,6494815.63
13,19,CASH_IN,7741,1176348965.0500004,0,0.0,0,0,0,0,0.0
13,19,CASH_OUT,13235,1984938687.1100006,3,7269018.98,4,3,1,0,7269018.98
13,19,DEBIT,182,625282.5900000002,0,0.0,0,0,0,0,0.0
13,19,PAYMENT,13063,194700947.12000024,0,0.0,0,0,0,0,0.0
13,19,TRANSFER,2762,2987353190.8100047,3,7269018.98,3,3,0,0,7269018.98
13,20,CASH_IN,3084,477430512.2999996,0,0.0,0,0,0,0,0.0
13,20,CASH_OUT,4211,677532039.6300004,4,5829593.98,4,4,0,0,5829593.98
13,20,DEBIT,91,239815.23,0,0.0,0,0,0,0,0.0
13,20,PAYMENT,6487,113105308.5099998,0,0.0,0,0,0,0,0.0
13,20,TRANSFER,1274,1632846210.1500006,4,5829593.98,4,4,0,0,5829593.98
13,21,CASH_IN,2197,353202124.47,0,0.0,0,0,0,0,0.0
13,21,CASH_OUT,2524,440984502.43000025,5,11609476.17,5,5,0,0,11609476.17
13,21,DEBIT,98,285890.44,0,0.0,0,0,0,0,0.0
13,21,PAYMENT,5495,92958097.99000014,0,0.0,0,0,0,0,0.0
13,21,TRANSFER,1079,1463791739.7300007,5,11609476.17,5,5,0,0,11609476.17
13,22,CASH_IN,1800,301448508.82999974,0,0.0,0,0,0,0,0.0
13,22,CASH_OUT,1780,323196116.8799998,8,19722062.6,8,8,0,0,19722062.6
13,22,DEBIT,139,405076.91000000003,0,0.0,0,0,0,0,0.0
13,22,PAYMENT,5361,55868403.49000014,0,0.0,0,0,0,0,0.0
13,22,TRANSFER,783,1162818639.8300002,8,19722062.6,8,8,0,0,19722062.6
13,23,CASH_IN,574,97818714.10000011,0,0.0,0,0,0,0,0.0
13,23,CASH_OUT,578,118497776.97999996,5,17440447.12,5,5,0,0,17440447.12
13,23,DEBIT,92,208544.52,0,0.0,0,0,0,0,0.0
13,23,PAYMENT,1761,17326081.880000032,0,0.0,0,0,0,0,0.0
13,23,TRANSFER,261,388775043.3399997,5,17440447.12,5,5,0,0,17440447.12
14,0,CASH_IN,223,40084425.160000026,0,0.0,0,0,0,0,0.0
14,0,CASH_OUT,131,32684704.379999984,5,9960848.27,5,5,0,0,9960848.27
14,0,DEBIT,69,233867.92,0,0.0,0,0,0,0,0.0
14,0,PAYMENT,760,23815064.070000008,0,0.0,0,0,0,0,0.0
14,0,TRANSFER,122,167330674.55,5,9960848.27,38,5,33,0,9960848.27
14,1,CASH_IN,143,24233058.39,0,0.0,0,0,0,0,0.0
14,1,CASH_OUT,70,18431909.990000002,3,3315478.0599999996,3,3,0,0,3315478.0599999996
14,1,DEBIT,21,61574.46,0,0.0,0,0,0,0,0.0
14,1,PAYMENT,253,1736054.44,0,0.0,0,0,0,0,0.0
14,1,TRANSFER,25,26477548.47999999,3,3315478.0599999996,6,3,3,0,3315478.0599999996
14,2,CASH_OUT,6,16600859.65,6,16600859.65,6,6,0,0,16600859.65
14,2,TRANSFER,6,16600859.65,6,16600859.65,6,6,0,0,16600859.65
14,3,CASH_OUT,6,4639712.63,6,4639712.63,6,6,0,0,4639712.63
14,3,TRANSFER,6,4639712.63,6,4639712.63,6,6,0,0,4639712.63
14,4,CASH_OUT,10,3177043.9699999997,10,3177043.9699999997,10,10,0,0,3177043.9699999997
14,4,TRANSFER,10,3177043.9699999997,10,3177043.9699999997,10,10,0,0,3177043.9699999997
14,5,CASH_OUT,3,1692354.69,3,1692354.69,3,3,0,0,1692354.69
14,5,TRANSFER,3,1692354.69,3,1692354.69,3,3,0,0,1692354.69
14,6,CASH_OUT,4,6110191.2299999995,4,6110191.2299999995,4,4,0,0,6110191.2299999995
14,6,TRANSFER,4,6110191.2299999995,4,6110191.2299999995,4,4,0,0,6110191.2299999995
14,7,CASH_OUT,7,10382223.890000002,7,10382223.890000002,7,7,0,0,10382223.890000002
14,7,TRANSFER,7,10382223.890000002,7,10382223.890000002,7,7,0,0,10382223.890000002
14,8,CASH_IN,3947,674420686.1200022,0,0.0,0,0,0,0,0.0
14,8,CASH_OUT,5987,1117352249.0500016,4,1141559.15,5,4,1,0,1141559.15
14,8,DEBIT,133,481986.8300000002,0,0.0,0,0,0,0,0.0
14,8,PAYMENT,6036,91953982.68000023,0,0.0,0,0,0,0,0.0
14,8,TRANSFER,1665,2731958803.170001,4,1141559.15,4,4,0,0,1141559.15
14,9,CASH_IN,6053,1096744375.639998,0,0.0,0,0,0,0,0.0
14,9,CASH_OUT,9677,1906009377.1200023,8,14718274.51,8,8,0,0,14718274.51
14,9,DEBIT,231,916423.1700000003,0,0.0,0,0,0,0,0.0
14,9,PAYMENT,8874,178430744.27999964,0,0.0,0,0,0,0,0.0
14,9,TRANSFER,2312,4432493187.60001,8,14718274.51,8,8,0,0,14718274.51
14,10,CASH_IN,6640,1254969980.8600044,0,0.0,0,0,0,0,0.0
14,10,CASH_OUT,11005,2195051516.7600007,5,8946620.969999999,7,5,2,0,8946620.969999999
14,10,DEBIT,265,1250370.8399999982,0,0.0,0,0,0,0,0.0
14,10,PAYMENT,9568,225019796.9599997,0,0.0,0,0,0,0,0.0
14,10,TRANSFER,2406,4184819854.6800027,5,8946620.969999999,5,5,0,0,8946620.969999999
14,11,CASH_IN,6672,1235795170.2,0,0.0,0,0,0,0,0.0
14,11,CASH_OUT,10657,2071733519.6899996,5,1223615.82,7,5,2,0,1223615.82
14,11,DEBIT,238,1478167.8900000001,0,0.0,0,0,0,0,0.0
14,11,PAYMENT,9306,177450293.59000006,0,0.0,0,0,0,0,0.0
14,11,TRANSFER,2557,3820167021.12,5,1223615.82,5,5,0,0,1223615.82
14,12,CASH_IN,6423,1186581936.5599995,0,0.0,0,0,0,0,0.0
14,12,CASH_OUT,10328,1911035326.7600026,5,2294909.79,6,5,1,0,2294909.79
14,12,DEBIT,188,1042259.6499999999,0,0.0,0,0,0,0,0.0
14,12,PAYMENT,8584,138519818.0700003,0,0.0,0,0,0,0,0.0
14,12,TRANSFER,2378,4179135055.739998,5,2294909.79,5,5,0,0,2294909.79
14,13,CASH_IN,5925,1115521665.5300028,0,0.0,0,0,0,0,0.0
14,13,CASH_OUT,9672,1795867509.250008,7,9032479.16,8,7,1,0,9032479.16
14,13,DEBIT,166,743168.58,0,0.0,0,0,0,0,0.0
14,13,PAYMENT,8581,153999142.0800004,0,0.0,0,0,0,0,0.0
14,13,TRANSFER,2311,5482158471.409982,7,9032479.16,7,7,0,0,9032479.16
14,14,CASH_IN,5727,1026563246.4199992,0,0.0,0,0,0,0,0.0
14,14,CASH_OUT,9071,1732852913.9900012,5,2458658.42,5,5,0,0,2458658.42
14,14,DEBIT,120,1966808.21,0,0.0,0,0,0,0,0.0
14,14,PAYMENT,7641,152613868.68000022,0,0.0,0,0,0,0,0.0
14,14,TRANSFER,2624,11410075304.029999,5,2458658.42,5,5,0,0,2458658.42
14,15,CASH_IN,6372,1158988455.6400003,0,0.0,0,0,0,0,0.0
14,15,CASH_OUT,9694,1868644933.6099937,9,6980833.77,12,9,3,0,6980833.77
14,15,DEBIT,142,2239430.95,0,0.0,0,0,0,0,0.0
14,15,PAYMENT,8128,170147241.67999977,0,0.0,0,0,0,0,0.0
14,15,TRANSFER,2541,8447689042.150004,9,6980833.77,9,9,0,0,6980833.77
14,16,CASH_IN,7108,1273804439.3200028,0,0.0,0,0,0,0,0.0
14,16,CASH_OUT,12060,2136161704.0699968,3,3973397.1999999997,6,3,3,0,3973397.1999999997
14,16,DEBIT,181,2023836.2899999998,0,0.0,0,0,0,0,0.0
14,16,PAYMENT,10129,179410564.70999998,0,0.0,0,0,0,0,0.0
14,16,TRANSFER,2683,2511260008.6799994,3,3973397.1999999997,3,3,0,0,3973397.1999999997
14,17,CASH_IN,8042,1377601900.3199966,0,0.0,0,0,0,0,0.0
14,17,CASH_OUT,13952,2337687058.260005,5,10351906.41,6,5,1,0,10351906.41
14,17,DEBIT,237,815055.1499999999,0,0.0,0,0,0,0,0.0
14,17,PAYMENT,11587,160407527.0900002,0,0.0,0,0,0,0,0.0
14,17,TRANSFER,2864,2057133913.4200006,5,10351906.41,5,5,0,0,10351906.41
14,18,CASH_IN,8568,1402991632.8100042,0,0.0,0,0,0,0,0.0
14,18,CASH_OUT,15178,2412378828.650005,3,980408.95,5,3,2,0,980408.95
14,18,DEBIT,234,804920.6599999997,0,0.0,0,0,0,0,0.0
14,18,PAYMENT,13006,167217301.5599994,0,0.0,0,0,0,0,0.0
14,18,TRANSFER,3200,2424555705.3300033,3,980408.95,3,3,0,0,980408.95
14,19,CASH_IN,7789,1212182881.320004,0,0.0,0,0,0,0,0.0
14,19,CASH_OUT,12457,1818853697.689998,3,602823.6699999999,3,3,0,0,602823.6699999999
14,19,DEBIT,183,561334.3999999999,0,0.0,0,0,0,0,0.0
14,19,PAYMENT,13031,166585950.78999934,0,0.0,0,0,0,0,0.0
14,19,TRANSFER,2696,2034397092.4200034,3,602823.6699999999,3,3,0,0,602823.6699999999
14,20,CASH_IN,3081,494504737.3799995,0,0.0,0,0,0,0,0.0
14,20,CASH_OUT,3798,610670547.9600015,4,4563462.35,4,4,0,0,4563462.35
14,20,DEBIT,111,403432.6000000001,0,0.0,0,0,0,0,0.0
14,20,PAYMENT,6311,108602607.13999975,0,0.0,0,0,0,0,0.0
14,20,TRANSFER,1252,1305193798.7600012,4,4563462.35,4,4,0,0,4563462.35
14,21,CASH_IN,2257,354216899.5400003,0,0.0,0,0,0,0,0.0
14,21,CASH_OUT,2509,418439909.5000004,2,1526643.1800000002,2,2,0,0,1526643.1800000002
14,21,DEBIT,140,476053.29999999993,0,0.0,0,0,0,0,0.0
14,21,PAYMENT,6035,84108337.03999978,0,0.0,0,0,0,0,0.0
14,21,TRANSFER,1075,1108198122.49,2,1526643.1800000002,2,2,0,0,1526643.1800000002
14,22,CASH_IN,1799,293554523.17999977,0,0.0,0,0,0,0,0.0
14,22,CASH_OUT,1874,316805298.8299999,2,2219119.65,2,2,0,0,2219119.65
14,22,DEBIT,124,397276.81999999995,0,0.0,0,0,0,0,0.0
14,22,PAYMENT,5762,55965367.79000018,0,0.0,0,0,0,0,0.0
14,22,TRANSFER,897,983975760.0299999,2,2219119.65,2,2,0,0,2219119.65
14,23,CASH_IN,529,87715037.0,0,0.0,0,0,0,0,0.0
14,23,CASH_OUT,470,90416353.60000002,9,10042491.57,9,9,0,0,10042491.57
14,23,DEBIT,98,200077.17000000004,0,0.0,0,0,0,0,0.0
14,23,PAYMENT,1581,15702457.420000022,0,0.0,0,0,0,0,0.0
14,23,TRANSFER,254,275801583.09000003,9,10042491.57,9,9,0,0,10042491.57
15,0,CASH_IN,81,13346457.91,0,0.0,0,0,0,0,0.0
15,0,CASH_OUT,78,14250909.38,5,1922192.5099999998,5,5,0,0,1922192.5099999998
15,0,DEBIT,18,46477.82,0,0.0,0,0,0,0,0.0
15,0,PAYMENT,123,867245.34,0,0.0,0,0,0,0,0.0
15,0,TRANSFER,20,9000635.28,5,1922192.5099999998,8,5,3,0,1922192.5099999998
15,1,CASH_IN,150,26297833.299999982,0,0.0,0,0,0,0,0.0
15,1,CASH_OUT,61,12542849.240000004,2,262783.45,2,2,0,0,262783.45
15,1,DEBIT,37,116758.36000000002,0,0.0,0,0,0,0,0.0
15,1,PAYMENT,269,2477958.2300000014,0,0.0,0,0,0,0,0.0
15,1,TRANSFER,12,12660827.709999999,2,262783.45,6,2,4,0,262783.45
15,2,CASH_OUT,5,2419888.88,5,2419888.88,5,5,0,0,2419888.88
15,2,TRANSFER,5,2419888.88,5,2419888.88,5,5,0,0,2419888.88
15,3,CASH_OUT,5,10288289.129999999,5,10288289.129999999,5,5,0,0,10288289.129999999
15,3,TRANSFER,5,10288289.129999999,5,10288289.129999999,5,5,0,0,10288289.129999999
15,4,CASH_OUT,5,4840636.84,5,4840636.84,5,5,0,0,4840636.84
15,4,TRANSFER,5,4840636.84,5,4840636.84,5,5,0,0,4840636.84
15,5,CASH_OUT,7,1436381.75,7,1436381.75,7,7,0,0,1436381.75
15,5,TRANSFER,7,1436381.75,7,1436381.75,7,7,0,0,1436381.75
15,6,CASH_OUT,6,2649961.79,6,2649961.79,6,6,0,0,2649961.79
15,6,TRANSFER,6,2649961.79,6,2649961.79,6,6,0,0,2649961.79
15,7,CASH_OUT,3,2623077.29,3,2623077.29,3,3,0,0,2623077.29
15,7,TRANSFER,3,2623077.29,3,2623077.29,3,3,0,0,2623077.29
15,8,CASH_IN,3236,540570022.7499999,0,0.0,0,0,0,0,0.0
15,8,CASH_OUT,4645,912711912.1100014,6,10467137.659999998,6,6,0,0,10467137.659999998
15,8,DEBIT,112,475994.44000000006,0,0.0,0,0,0,0,0.0
15,8,PAYMENT,5234,81973410.51999983,0,0.0,0,0,0,0,0.0
15,8,TRANSFER,1443,2239377779.089999,6,10467137.659999998,6,6,0,0,10467137.659999998
15,9,CASH_IN,5961,1051091341.1799979,0,0.0,0,0,0,0,0.0
15,9,CASH_OUT,9225,1732084166.8899999,3,2201335.77,4,3,1,0,2201335.77
15,9,DEBIT,198,788044.2700000003,0,0.0,0,0,0,0,0.0
15,9,PAYMENT,8434,151478800.23000035,0,0.0,0,0,0,0,0.0
15,9,TRANSFER,2255,2891218363.7999964,3,2201335.77,3,3,0,0,2201335.77
15,10,CASH_IN,7128,1264096806.1600022,0,0.0,0,0,0,0,0.0
15,10,CASH_OUT,10750,2051324075.3900008,0,0.0,1,0,1,0,0.0
15,10,DEBIT,263,973611.5399999997,0,0.0,0,0,0,0,0.0
15,10,PAYMENT,9438,208230140.50999996,0,0.0,0,0,0,0,0.0
15,10,TRANSFER,2643,3439831498.159998,0,0.0,0,0,0,0,0.0
15,11,CASH_IN,6952,1233197291.5500026,0,0.0,0,0,0,0,0.0
15,11,CASH_OUT,10256,1958988410.3899994,4,7911174.07,6,4,2,0,7911174.07
15,11,DEBIT,228,2685317.8299999973,0,0.0,0,0,0,0,0.0
15,11,PAYMENT,9442,186735127.03999987,0,0.0,0,0,0,0,0.0
15,11,TRANSFER,2589,4547601358.220006,4,7911174.07,4,4,0,0,7911174.07
15,12,CASH_IN,6570,1189361732.9000037,0,0.0,0,0,0,0,0.0
15,12,CASH_OUT,10774,2057633935.2699966,9,8481924.98,16,9,7,0,8481924.98
15,12,DEBIT,226,819928.8399999999,0,0.0,0,0,0,0,0.0
15,12,PAYMENT,9419,190728594.91999945,0,0.0,0,0,0,0,0.0
15,12,TRANSFER,2563,2263172157.789996,9,8481924.98,9,9,0,0,8481924.98
15,13,CASH_IN,6442,1111409246.5900018,0,0.0,0,0,0,0,0.0
15,13,CASH_OUT,10273,1864119720.1000013,7,11199075.150000002,7,7,0,0,11199075.150000002
15,13,DEBIT,192,701471.0399999998,0,0.0,0,0,0,0,0.0
15,13,PAYMENT,8981,141192263.71999988,0,0.0,0,0,0,0,0.0
15,13,TRANSFER,2357,2522872477.080002,7,11199075.150000002,7,7,0,0,11199075.150000002
15,14,CASH_IN,6155,1111599609.1600046,0,0.0,0,0,0,0,0.0
15,14,CASH_OUT,9733,1829995133.1799982,9,29043943.959999993,11,9,2,0,29043943.959999993
15,14,DEBIT,199,1144036.4100000004,0,0.0,0,0,0,0,0.0
15,14,PAYMENT,8449,109633843.79999998,0,0.0,0,0,0,0,0.0
15,14,TRANSFER,2391,2119841334.6399987,9,29043943.959999993,9,9,0,0,29043943.959999993
15,15,CASH_IN,6215,1114235310.2100005,0,0.0,0,0,0,0,0.0
15,15,CASH_OUT,9936,1825467663.4699974,8,13139688.66,9,8,1,0,13139688.66
15,15,DEBIT,240,849105.5399999999,0,0.0,0,0,0,0,0.0
15,15,PAYMENT,8563,120582006.37999997,0,0.0,0,0,0,0,0.0
15,15,TRANSFER,2185,1986699469.159999,8,13139688.66,8,8,0,0,13139688.66
15,16,CASH_IN,6939,1220634465.9299998,0,0.0,0,0,0,0,0.0
15,16,CASH_OUT,11173,1970944303.6000035,4,1302431.59,5,4,1,0,1302431.59
15,16,DEBIT,267,793752.0600000002,0,0.0,0,0,0,0,0.0
15,16,PAYMENT,9459,129391067.43000013,0,0.0,0,0,0,0,0.0
15,16,TRANSFER,2582,3457625045.969998,4,1302431.59,4,4,0,0,1302431.59
15,17,CASH_IN,8918,1502916780.3399873,0,0.0,0,0,0,0,0.0
15,17,CASH_OUT,15596,2522922933.9199977,6,20094506.720000006,9,6,3,0,20094506.720000006
15,17,DEBIT,316,1301112.2200000014,0,0.0,0,0,0,0,0.0
15,17,PAYMENT,12510,152566347.57999906,0,0.0,0,0,0,0,0.0
15,17,TRANSFER,3356,2785508082.1899986,6,20094506.720000006,6,6,0,0,20094506.720000006
15,18,CASH_IN,10059,1552783144.809992,0,0.0,0,0,0,0,0.0
15,18,CASH_OUT,17101,2556099271.6299944,4,9856610.43,14,4,10,0,9856610.43
15,18,DEBIT,311,996706.9100000001,0,0.0,0,0,0,0,0.0
15,18,PAYMENT,13853,156404426.6800007,0,0.0,0,0,0,0,0.0
15,18,TRANSFER,3463,2967970059.670001,4,9856610.43,4,4,0,0,9856610.43
15,19,CASH_IN,7308,1088375675.5899997,0,0.0,0,0,0,0,0.0
15,19,CASH_OUT,11623,1639998616.1199985,3,6317326.25,4,3,1,0,6317326.25
15,19,DEBIT,199,676387.7000000001,0,0.0,0,0,0,0,0.0
15,19,PAYMENT,11760,123939724.63999999,0,0.0,0,0,0,0,0.0
15,19,TRANSFER,2638,1840545164.2099981,3,6317326.25,3,3,0,0,6317326.25
15,20,CASH_IN,3199,474235736.67999995,0,0.0,0,0,0,0,0.0
15,20,CASH_OUT,4149,643670071.3500005,9,18953360.35,9,9,0,0,18953360.35
15,20,DEBIT,120,482587.83999999997,0,0.0,0,0,0,0,0.0
15,20,PAYMENT,6381,71934627.8,0,0.0,0,0,0,0,0.0
15,20,TRANSFER,1247,1100782808.8199995,9,18953360.35,9,9,0,0,18953360.35
15,21,CASH_IN,2340,358172406.32999974,0,0.0,0,0,0,0,0.0
15,21,CASH_OUT,2651,431331531.71000016,5,7843449.550000001,5,5,0,0,7843449.550000001
15,21,DEBIT,122,421695.36000000016,0,0.0,0,0,0,0,0.0
15,21,PAYMENT,5875,88856124.92999999,0,0.0,0,0,0,0,0.0
15,21,TRANSFER,1062,875720675.43,5,7843449.550000001,5,5,0,0,7843449.550000001
15,22,CASH_IN,1482,247048026.8600002,0,0.0,0,0,0,0,0.0
15,22,CASH_OUT,1457,248086465.88999978,6,19759268.34,6,6,0,0,19759268.34
15,22,DEBIT,143,1509311.9199999995,0,0.0,0,0,0,0,0.0
15,22,PAYMENT,4273,38941556.660000116,0,0.0,0,0,0,0,0.0
15,22,TRANSFER,636,546134562.1400002,6,19759268.34,6,6,0,0,19759268.34
15,23,CASH_IN,501,88273594.50999984,0,0.0,0,0,0,0,0.0
15,23,CASH_OUT,663,118546949.07999988,4,1980960.24,4,4,0,0,1980960.24
15,23,DEBIT,80,164473.24000000005,0,0.0,0,0,0,0,0.0
15,23,PAYMENT,1961,16001920.319999991,0,0.0,0,0,0,0,0.0
15,23,TRANSFER,303,252039523.79999995,4,1980960.24,4,4,0,0,1980960.24
16,0,CASH_IN,228,38569941.01999999,0,0.0,0,0,0,0,0.0
16,0,CASH_OUT,237,47346430.5,7,8016550.610000001,7,7,0,0,8016550.610000001
16,0,DEBIT,74,104258.24000000003,0,0.0,0,0,0,0,0.0
16,0,PAYMENT,812,19547850.63999999,0,0.0,0,0,0,0,0.0
16,0,TRANSFER,90,64558826.46999999,7,8016550.610000001,25,7,18,0,8016550.610000001
16,1,CASH_IN,145,26058864.880000003,0,0.0,0,0,0,0,0.0
16,1,CASH_OUT,71,35065426.31999999,10,24248354.44,10,10,0,0,24248354.44
16,1,DEBIT,24,84230.66999999997,0,0.0,0,0,0,0,0.0
16,1,PAYMENT,222,1392572.19,0,0.0,0,0,0,0,0.0
16,1,TRANSFER,42,57868459.42000001,10,24248354.44,21,10,11,0,24248354.44
16,2,CASH_OUT,7,19013906.84,7,19013906.84,7,7,0,0,19013906.84
16,2,TRANSFER,7,19013906.84,7,19013906.84,7,7,0,0,19013906.84
16,3,CASH_OUT,3,3854187.81,3,3854187.81,3,3,0,0,3854187.81
16,3,TRANSFER,3,3854187.81,3,3854187.81,3,3,0,0,3854187.81
16,4,CASH_OUT,7,9368998.049999999,7,9368998.049999999,7,7,0,0,9368998.049999999
16,4,TRANSFER,7,9368998.049999999,7,9368998.049999999,7,7,0,0,9368998.049999999
16,5,CASH_OUT,5,11625367.94,5,11625367.94,5,5,0,0,11625367.94
16,5,TRANSFER,5,11625367.94,5,11625367.94,5,5,0,0,11625367.94
16,6,CASH_OUT,7,3482735.16,7,3482735.16,7,7,0,0,3482735.16
16,6,TRANSFER,7,3482735.16,7,3482735.16,7,7,0,0,3482735.16
16,7,CASH_OUT,3,1450469.3399999999,3,1450469.3399999999,3,3,0,0,1450469.3399999999
16,7,TRANSFER,3,1450469.3399999999,3,1450469.3399999999,3,3,0,0,1450469.3399999999
16,8,CASH_IN,3263,537897106.6399992,0,0.0,0,0,0,0,0.0
16,8,CASH_OUT,4551,833489762.6100001,3,1995721.33,4,3,1,0,1995721.33
16,8,DEBIT,83,423649.3699999998,0,0.0,0,0,0,0,0.0
16,8,PAYMENT,5228,77949918.37,0,0.0,0,0,0,0,0.0
16,8,TRANSFER,1365,1833581420.460001,3,1995721.33,3,3,0,0,1995721.33
16,9,CASH_IN,6071,1088561337.0299969,0,0.0,0,0,0,0,0.0
16,9,CASH_OUT,8810,1704613265.8900037,9,17322531.020000003,9,9,0,0,17322531.020000003
16,9,DEBIT,167,963500.2000000001,0,0.0,0,0,0,0,0.0
16,9,PAYMENT,8236,117148753.44000037,0,0.0,0,0,0,0,0.0
16,9,TRANSFER,2145,3425967396.269998,9,17322531.020000003,9,9,0,0,17322531.020000003
16,10,CASH_IN,6377,1150642511.9299996,0,0.0,0,0,0,0,0.0
16,10,CASH_OUT,10096,1906143762.4799998,3,391118.62,4,3,1,0,391118.62
16,10,DEBIT,179,672745.1900000003,0,0.0,0,0,0,0,0.0
16,10,PAYMENT,9148,152984507.68999937,0,0.0,0,0,0,0,0.0
16,10,TRANSFER,2588,2758420623.8900027,3,391118.62,3,3,0,0,391118.62
16,11,CASH_IN,6763,1307852811.43,0,0.0,0,0,0,0,0.0
16,11,CASH_OUT,10775,1976240328.409997,4,8769070.719999999,6,4,2,0,8769070.719999999
16,11,DEBIT,208,1007187.9500000004,0,0.0,0,0,0,0,0.0
16,11,PAYMENT,9281,139034060.90000024,0,0.0,0,0,0,0,0.0
16,11,TRANSFER,2488,2082414685.2599993,4,8769070.719999999,4,4,0,0,8769070.719999999
16,12,CASH_IN,6650,1201014038.7899992,0,0.0,0,0,0,0,0.0
16,12,CASH_OUT,10434,2031301523.249997,6,5314341.53,8,6,2,0,5314341.53
16,12,DEBIT,186,1146011.14,0,0.0,0,0,0,0,0.0
16,12,PAYMENT,9134,136079793.41000026,0,0.0,0,0,0,0,0.0
16,12,TRANSFER,2449,2037992482.8000011,6,5314341.53,6,6,0,0,5314341.53
16,13,CASH_IN,6399,1117533310.389998,0,0.0,0,0,0,0,0.0
16,13,CASH_OUT,10084,1867627459.210003,7,3290437.58,9,7,2,0,3290437.58
16,13,DEBIT,161,900499.6199999998,0,0.0,0,0,0,0,0.0
16,13,PAYMENT,8718,128838937.68000014,0,0.0,0,0,0,0,0.0
16,13,TRANSFER,2365,1888698188.8599997,7,3290437.58,7,7,0,0,3290437.58
16,14,CASH_IN,5848,1058232259.9199983,0,0.0,0,0,0,0,0.0
16,14,CASH_OUT,9330,1702283184.3499992,5,1996626.43,9,5,4,0,1996626.43
16,14,DEBIT,177,973033.45,0,0.0,0,0,0,0,0.0
16,14,PAYMENT,8460,125416798.03000027,0,0.0,0,0,0,0,0.0
16,14,TRANSFER,2288,2623941042.9800057,5,1996626.43,5,5,0,0,1996626.43
16,15,CASH_IN,4409,772356341.0999993,0,0.0,0,0,0,0,0.0
16,15,CASH_OUT,7044,1310998990.110003,2,697156.9199999999,3,2,1,0,697156.9199999999
16,15,DEBIT,123,808767.9199999999,0,0.0,0,0,0,0,0.0
16,15,PAYMENT,6648,102947591.75000003,0,0.0,0,0,0,0,0.0
16,15,TRANSFER,1898,3951861661.989999,2,697156.9199999999,2,2,0,0,697156.9199999999
16,16,CASH_IN,3864,637646867.9399996,0,0.0,0,0,0,0,0.0
16,16,CASH_OUT,6609,1231461078.1500027,5,3844948.0500000003,5,5,0,0,3844948.0500000003
16,16,DEBIT,88,339393.4099999999,0,0.0,0,0,0,0,0.0
16,16,PAYMENT,6011,77640762.05000004,0,0.0,0,0,0,0,0.0
16,16,TRANSFER,1611,1016651121.5700009,5,3844948.0500000003,5,5,0,0,3844948.0500000003
16,17,CASH_IN,7894,1302811640.3900034,0,0.0,0,0,0,0,0.0
16,17,CASH_OUT,14583,2332525079.129995,2,380577.53,2,2,0,0,380577.53
16,17,DEBIT,177,949463.1200000005,0,0.0,0,0,0,0,0.0
16,17,PAYMENT,11502,142873514.74999952,0,0.0,0,0,0,0,0.0
16,17,TRANSFER,2971,1752319470.5900023,2,380577.53,2,2,0,0,380577.53
16,18,CASH_IN,9026,1412855085.920003,0,0.0,0,0,0,0,0.0
16,18,CASH_OUT,16458,2440927689.8999996,8,16811525.46,11,8,3,0,16811525.46
16,18,DEBIT,204,913535.86,0,0.0,0,0,0,0,0.0
16,18,PAYMENT,12827,149587666.76000038,0,0.0,0,0,0,0,0.0
16,18,TRANSFER,3244,1843470165.6300025,8,16811525.46,8,8,0,0,16811525.46
16,19,CASH_IN,8155,1254653336.2399998,0,0.0,0,0,0,0,0.0
16,19,CASH_OUT,13362,1928157622.9600003,7,4582532.99,8,7,1,0,4582532.99
16,19,DEBIT,178,1059466.52,0,0.0,0,0,0,0,0.0
16,19,PAYMENT,13183,146075039.45000005,0,0.0,0,0,0,0,0.0
16,19,TRANSFER,2815,1473300524.9600003,7,4582532.99,7,7,0,0,4582532.99
16,20,CASH_IN,3111,459742542.3399994,0,0.0,0,0,0,0,0.0
16,20,CASH_OUT,4197,628947189.1600002,2,806138.71,2,2,0,0,806138.71
16,20,DEBIT,78,1498800.8099999998,0,0.0,0,0,0,0,0.0
16,20,PAYMENT,6310,69975000.68999995,0,0.0,0,0,0,0,0.0
16,20,TRANSFER,1265,883144562.1900012,2,806138.71,2,2,0,0,806138.71
16,21,CASH_IN,2420,389190660.55000013,0,0.0,0,0,0,0,0.0
16,21,CASH_OUT,2812,434942522.0599992,4,3632192.64,4,4,0,0,3632192.64
16,21,DEBIT,99,647154.95,0,0.0,0,0,0,0,0.0
16,21,PAYMENT,5479,69720241.74999969,0,0.0,0,0,0,0,0.0
16,21,TRANSFER,1019,762929495.1699997,4,3632192.64,4,4,0,0,3632192.64
16,22,CASH_IN,1387,218715804.2700003,0,0.0,0,0,0,0,0.0
16,22,CASH_OUT,1454,259963406.27999976,7,14336243.989999998,7,7,0,0,14336243.989999998
16,22,DEBIT,115,539463.9700000001,0,0.0,0,0,0,0,0.0
16,22,PAYMENT,4234,45432719.29000002,0,0.0,0,0,0,0,0.0
16,22,TRANSFER,628,530369523.04000014,7,14336243.989999998,7,7,0,0,14336243.989999998
16,23,CASH_IN,581,98654488.55000006,0,0.0,0,0,0,0,0.0
16,23,CASH_OUT,649,109674008.25999999,3,2567833.69,3,3,0,0,2567833.69
16,23,DEBIT,93,273249.86000000004,0,0.0,0,0,0,0,0.0
16,23,PAYMENT,2012,21431127.219999984,0,0.0,0,0,0,0,0.0
16,23,TRANSFER,253,213381543.89999998,3,2567833.69,3,3,0,0,2567833.69
17,0,CASH_IN,249,44029630.530000046,0,0.0,0,0,0,0,0.0
17,0,CASH_OUT,189,32967268.160000015,4,2733488.37,4,4,0,0,2733488.37
17,0,DEBIT,46,174979.8,0,0.0,0,0,0,0,0.0
17,0,PAYMENT,852,8041556.210000003,0,0.0,0,0,0,0,0.0
17,0,TRANSFER,83,57082705.37000001,4,2733488.37,18,4,14,0,2733488.37
17,1,CASH_IN,182,30163021.769999996,0,0.0,0,0,0,0,0.0
17,1,CASH_OUT,85,47301416.65999999,8,31839974.59,8,8,0,0,31839974.59
17,1,DEBIT,36,72422.19,0,0.0,0,0,0,0,0.0
17,1,PAYMENT,285,3434133.050000001,0,0.0,0,0,0,0,0.0
17,1,TRANSFER,45,50941141.61,8,31839974.59,14,8,6,0,31839974.59
17,2,CASH_OUT,14,71172727.65,14,71172727.65,14,14,0,0,71172727.65
17,2,TRANSFER,14,76064920.74000001,14,76064920.74000001,14,14,0,0,76064920.74000001
17,3,CASH_OUT,9,17032028.53,9,17032028.53,9,9,0,0,17032028.53
17,3,TRANSFER,9,17032028.53,9,17032028.53,9,9,0,0,17032028.53
17,4,CASH_OUT,5,12797929.95,5,12797929.95,5,5,0,0,12797929.95
17,4,TRANSFER,5,12797929.95,5,12797929.95,5,5,0,0,12797929.95
17,5,CASH_OUT,6,8617994.21,6,8617994.21,6,6,0,0,8617994.21
17,5,TRANSFER,6,8617994.21,6,8617994.21,6,6,0,0,8617994.21
17,6,CASH_OUT,6,6821483.419999999,6,6821483.419999999,6,6,0,0,6821483.419999999
17,6,TRANSFER,6,6821483.419999999,6,6821483.419999999,6,6,0,0,6821483.419999999
17,7,CASH_OUT,5,3967679.3800000004,5,3967679.3800000004,5,5,0,0,3967679.3800000004
17,7,TRANSFER,5,3967679.3800000004,5,3967679.3800000004,5,5,0,0,3967679.3800000004
17,8,CASH_IN,4257,715262415.920001,0,0.0,0,0,0,0,0.0
17,8,CASH_OUT,6710,1219804956.0600004,2,723157.75,2,2,0,0,723157.75
17,8,DEBIT,130,6088850.8100000005,0,0.0,0,0,0,0,0.0
17,8,PAYMENT,6497,136858867.90000004,0,0.0,0,0,0,0,0.0
17,8,TRANSFER,1675,2499010791.910004,2,723157.75,2,2,0,0,723157.75
17,9,CASH_IN,6839,1198969051.5900009,0,0.0,0,0,0,0,0.0
17,9,CASH_OUT,10275,1948730522.390003,5,5056914.26,5,5,0,0,5056914.26
17,9,DEBIT,197,862006.6400000002,0,0.0,0,0,0,0,0.0
17,9,PAYMENT,9127,187331086.24000025,0,0.0,0,0,0,0,0.0
17,9,TRANSFER,2521,3097887616.990007,5,5056914.26,5,5,0,0,5056914.26
17,10,CASH_IN,5610,1007144937.2699997,0,0.0,0,0,0,0,0.0
17,10,CASH_OUT,7905,1451523451.4500015,4,471846.2,8,4,4,0,471846.2
17,10,DEBIT,184,642692.1999999997,0,0.0,0,0,0,0,0.0
17,10,PAYMENT,7151,131332108.80000007,0,0.0,0,0,0,0,0.0
17,10,TRANSFER,1947,1321967203.1,4,471846.2,4,4,0,0,471846.2
17,11,CASH_IN,7593,1379858280.08,0,0.0,0,0,0,0,0.0
17,11,CASH_OUT,12733,2351450983.1299977,4,4030743.74,5,4,1,0,4030743.74
17,11,DEBIT,241,1772041.6699999997,0,0.0,0,0,0,0,0.0
17,11,PAYMENT,10605,207200648.36999953,0,0.0,0,0,0,0,0.0
17,11,TRANSFER,2903,2496481786.0899982,4,4030743.74,4,4,0,0,4030743.74
17,12,CASH_IN,6817,1281324964.2399988,0,0.0,0,0,0,0,0.0
17,12,CASH_OUT,11380,2153428888.4400005,5,2838513.16,6,5,1,0,2838513.16
17,12,DEBIT,174,662111.6699999998,0,0.0,0,0,0,0,0.0
17,12,PAYMENT,9413,187094929.90999988,0,0.0,0,0,0,0,0.0
17,12,TRANSFER,2564,2293001615.5099974,5,2838513.16,5,5,0,0,2838513.16
17,13,CASH_IN,6154,1091755313.470001,0,0.0,0,0,0,0,0.0
17,13,CASH_OUT,9825,1851391659.7000027,13,46236745.989999995,13,13,0,0,46236745.989999995
17,13,DEBIT,147,329289.22,0,0.0,0,0,0,0,0.0
17,13,PAYMENT,8126,142775254.55000022,0,0.0,0,0,0,0,0.0
17,13,TRANSFER,2404,1938339685.6699998,13,46236745.989999995,13,13,0,0,46236745.989999995
17,14,CASH_IN,6905,1267774310.189998,0,0.0,0,0,0,0,0.0
17,14,CASH_OUT,11127,2029922307.2600005,6,3302632.67,7,6,1,0,3302632.67
17,14,DEBIT,168,401318.2199999998,0,0.0,0,0,0,0,0.0
17,14,PAYMENT,9383,181910036.45000088,0,0.0,0,0,0,0,0.0
17,14,TRANSFER,2640,2437451252.95,6,3302632.67,6,6,0,0,3302632.67
17,15,CASH_IN,6866,1246856964.4999986,0,0.0,0,0,0,0,0.0
17,15,CASH_OUT,11692,2085865107.3800015,8,12210700.419999998,9,8,1,0,12210700.419999998
17,15,DEBIT,182,485152.92999999993,0,0.0,0,0,0,0,0.0
17,15,PAYMENT,9469,178282615.8600002,0,0.0,0,0,0,0,0.0
17,15,TRANSFER,2701,2096715422.6100016,8,12210700.419999998,8,8,0,0,12210700.419999998
17,16,CASH_IN,7121,1247424448.4500008,0,0.0,0,0,0,0,0.0
17,16,CASH_OUT,12951,2212386105.510009,8,14040825.18,11,8,3,0,14040825.18
17,16,DEBIT,172,476856.7599999999,0,0.0,0,0,0,0,0.0
17,16,PAYMENT,10455,188790257.8699996,0,0.0,0,0,0,0,0.0
17,16,TRANSFER,2769,2069842440.530003,8,14040825.18,8,8,0,0,14040825.18
17,17,CASH_IN,8737,1472839726.0700085,0,0.0,0,0,0,0,0.0
17,17,CASH_OUT,15792,2547992743.4500036,6,7110003.87,7,6,1,0,7110003.87
17,17,DEBIT,193,596500.6999999998,0,0.0,0,0,0,0,0.0
17,17,PAYMENT,12138,167013069.22000012,0,0.0,0,0,0,0,0.0
17,17,TRANSFER,3358,2407943437.1999965,6,7110003.87,6,6,0,0,7110003.87
17,18,CASH_IN,9861,1619187364.5199966,0,0.0,0,0,0,0,0.0
17,18,CASH_OUT,17468,2590202390.160013,8,6340935.870000001,13,8,5,0,6340935.870000001
17,18,DEBIT,206,911025.0899999996,0,0.0,0,0,0,0,0.0
17,18,PAYMENT,14107,170074864.83000028,0,0.0,0,0,0,0,0.0
17,18,TRANSFER,3513,2366385513.3499966,8,6340935.870000001,8,8,0,0,6340935.870000001
17,19,CASH_IN,7697,1199492983.4100041,0,0.0,0,0,0,0,0.0
17,19,CASH_OUT,13389,1887919313.42,9,15490917.110000001,10,9,1,0,15490917.110000001
17,19,DEBIT,194,757889.5599999999,0,0.0,0,0,0,0,0.0
17,19,PAYMENT,12686,141735009.66999996,0,0.0,0,0,0,0,0.0
17,19,TRANSFER,2760,1632159887.4299996,9,15490917.110000001,9,9,0,0,15490917.110000001
17,20,CASH_IN,3473,546033767.5799981,0,0.0,0,0,0,0,0.0
17,20,CASH_OUT,4797,706166058.5699984,5,13855823.8,5,5,0,0,13855823.8
17,20,DEBIT,113,394375.4999999999,0,0.0,0,0,0,0,0.0
17,20,PAYMENT,6908,85226296.46000019,0,0.0,0,0,0,0,0.0
17,20,TRANSFER,1313,914941085.8000001,5,13855823.8,5,5,0,0,13855823.8
17,21,CASH_IN,2342,369486077.67999893,0,0.0,0,0,0,0,0.0
17,21,CASH_OUT,2846,483768403.13999933,12,22665217.610000003,12,12,0,0,22665217.610000003
17,21,DEBIT,137,657788.6,0,0.0,0,0,0,0,0.0
17,21,PAYMENT,5661,82078321.71999994,0,0.0,0,0,0,0,0.0
17,21,TRANSFER,1037,801117038.0400003,12,22665217.610000003,12,12,0,0,22665217.610000003
17,22,CASH_IN,1371,231874712.94000033,0,0.0,0,0,0,0,0.0
17,22,CASH_OUT,1581,248393099.51999998,3,2446362.05,3,3,0,0,2446362.05
17,22,DEBIT,145,406372.5000000001,0,0.0,0,0,0,0,0.0
17,22,PAYMENT,4200,53059723.81999994,0,0.0,0,0,0,0,0.0
17,22,TRANSFER,640,437160198.3,3,2446362.05,3,3,0,0,2446362.05
17,23,CASH_IN,1420,230777873.8400001,0,0.0,0,0,0,0,0.0
17,23,CASH_OUT,1372,249130936.3900003,5,4213482.75,5,5,0,0,4213482.75
17,23,DEBIT,213,671100.3,0,0.0,0,0,0,0,0.0
17,23,PAYMENT,4551,45817910.05000003,0,0.0,0,0,0,0,0.0
17,23,TRANSFER,700,492972380.79,5,4213482.75,5,5,0,0,4213482.75
18,0,CASH_IN,106,19184196.64,0,0.0,0,0,0,0,0.0
18,0,CASH_OUT,75,47208561.199999996,10,37272379.66,10,10,0,0,37272379.66
18,0,DEBIT,24,22546.61,0,0.0,0,0,0,0,0.0
18,0,PAYMENT,243,2685411.6599999988,0,0.0,0,0,0,0,0.0
18,0,TRANSFER,35,55148887.519999996,10,37272379.66,15,10,5,0,37272379.66
18,1,CASH_OUT,10,14407957.899999999,10,14407957.899999999,10,10,0,0,14407957.899999999
18,1,TRANSFER,10,14407957.899999999,10,14407957.899999999,10,10,0,0,14407957.899999999
18,2,CASH_OUT,8,22217233.63,8,22217233.63,8,8,0,0,22217233.63
18,2,TRANSFER,8,22217233.63,8,22217233.63,8,8,0,0,22217233.63
18,3,CASH_OUT,4,3465744.2700000005,4,3465744.2700000005,4,4,0,0,3465744.2700000005
18,3,TRANSFER,4,3465744.2700000005,4,3465744.2700000005,4,4,0,0,3465744.2700000005
18,4,CASH_IN,69,10461219.270000001,0,0.0,0,0,0,0,0.0
18,4,CASH_OUT,60,19483295.26000001,7,10359055.09,7,7,0,0,10359055.09
18,4,DEBIT,3,2558.42,0,0.0,0,0,0,0,0.0
18,4,PAYMENT,136,661666.74,0,0.0,0,0,0,0,0.0
18,4,TRANSFER,21,25426894.35,7,10359055.09,11,7,4,0,10359055.09
18,5,CASH_OUT,8,20197673.020000003,8,20197673.020000003,8,8,0,0,20197673.020000003
18,5,TRANSFER,8,20197673.020000003,8,20197673.020000003,8,8,0,0,20197673.020000003
18,6,CASH_OUT,8,5869433.380000001,8,5869433.380000001,8,8,0,0,5869433.380000001
18,6,TRANSFER,8,5869433.380000001,8,5869433.380000001,8,8,0,0,5869433.380000001
18,7,CASH_IN,443,69853425.59,0,0.0,0,0,0,0,0.0
18,7,CASH_OUT,563,108505227.54000011,4,13126051.98,4,4,0,0,13126051.98
18,7,DEBIT,23,58817.5,0,0.0,0,0,0,0,0.0
18,7,PAYMENT,946,11256126.669999998,0,0.0,0,0,0,0,0.0
18,7,TRANSFER,207,155494421.24000004,4,13126051.98,4,4,0,0,13126051.98
18,8,CASH_OUT,3,3316259.64,3,3316259.64,3,3,0,0,3316259.64
18,8,TRANSFER,3,3316259.64,3,3316259.64,3,3,0,0,3316259.64
18,9,CASH_OUT,3,1379136.43,3,1379136.43,3,3,0,0,1379136.43
18,9,TRANSFER,3,1379136.43,3,1379136.43,3,3,0,0,1379136.43
18,10,CASH_IN,384,68822480.53999996,0,0.0,0,0,0,0,0.0
18,10,CASH_OUT,355,70305843.1,5,4288654.42,5,5,0,0,4288654.42
18,10,DEBIT,17,33717.33,0,0.0,0,0,0,0,0.0
18,10,PAYMENT,436,17139130.550000004,0,0.0,0,0,0,0,0.0
18,10,TRANSFER,65,37337405.53000001,5,4288654.42,5,5,0,0,4288654.42
18,11,CASH_IN,644,114983922.58000015,0,0.0,0,0,0,0,0.0
18,11,CASH_OUT,886,163370347.99999994,6,3107496.8600000003,6,6,0,0,3107496.8600000003
18,11,DEBIT,11,23297.379999999997,0,0.0,0,0,0,0,0.0
18,11,PAYMENT,847,10413391.360000005,0,0.0,0,0,0,0,0.0
18,11,TRANSFER,232,227384723.8799999,6,3107496.8600000003,6,6,0,0,3107496.8600000003
18,12,CASH_OUT,7,27451623.689999998,7,27451623.689999998,7,7,0,0,27451623.689999998
18,12,TRANSFER,7,27451623.689999998,7,27451623.689999998,7,7,0,0,27451623.689999998
18,13,CASH_IN,400,77099904.57999994,0,0.0,0,0,0,0,0.0
18,13,CASH_OUT,351,75304564.61000001,5,5182182.74,5,5,0,0,5182182.74
18,13,DEBIT,9,21526.12,0,0.0,0,0,0,0,0.0
18,13,PAYMENT,416,10732257.210000003,0,0.0,0,0,0,0,0.0
18,13,TRANSFER,83,80748319.26000002,5,5182182.74,5,5,0,0,5182182.74
18,14,CASH_IN,223,43402091.730000004,0,0.0,0,0,0,0,0.0
18,14,CASH_OUT,216,47793526.179999985,3,4192173.68,3,3,0,0,4192173.68
18,14,DEBIT,7,20869.120000000003,0,0.0,0,0,0,0,0.0
18,14,PAYMENT,271,3121398.139999999,0,0.0,0,0,0,0,0.0
18,14,TRANSFER,49,27085557.939999986,3,4192173.68,3,3,0,0,4192173.68
18,15,CASH_OUT,7,11795984.06,7,11795984.06,7,7,0,0,11795984.06
18,15,TRANSFER,7,11795984.06,7,11795984.06,7,7,0,0,11795984.06
18,16,CASH_OUT,14,45356715.43,14,45356715.43,14,14,0,0,45356715.43
18,16,TRANSFER,14,64941755.8,14,64941755.8,14,14,0,0,64941755.8
18,17,CASH_IN,1136,186280711.8900002,0,0.0,0,0,0,0,0.0
18,17,CASH_OUT,1770,300494106.8500001,1,99804.21,1,1,0,0,99804.21
18,17,DEBIT,40,66555.02,0,0.0,0,0,0,0,0.0
18,17,PAYMENT,1616,20668383.98999998,0,0.0,0,0,0,0,0.0
18,17,TRANSFER,577,380870659.9400001,1,99804.21,1,1,0,0,99804.21
18,18,CASH_OUT,7,11140046.809999999,7,11140046.809999999,7,7,0,0,11140046.809999999
18,18,TRANSFER,7,11140046.809999999,7,11140046.809999999,7,7,0,0,11140046.809999999
18,19,CASH_IN,775,114216788.43999995,0,0.0,0,0,0,0,0.0
18,19,CASH_OUT,914,126108244.99999997,3,3214764.9099999997,3,3,0,0,3214764.9099999997
18,19,DEBIT,14,35198.829999999994,0,0.0,0,0,0,0,0.0
18,19,PAYMENT,899,8508008.959999995,0,0.0,0,0,0,0,0.0
18,19,TRANSFER,190,120312966.79000004,3,3214764.9099999997,3,3,0,0,3214764.9099999997
18,20,CASH_IN,616,89471794.18,0,0.0,0,0,0,0,0.0
18,20,CASH_OUT,636,87011972.39999998,2,1152904.5899999999,2,2,0,0,1152904.5899999999
18,20,DEBIT,9,42757.01,0,0.0,0,0,0,0,0.0
18,20,PAYMENT,903,7507885.929999999,0,0.0,0,0,0,0,0.0
18,20,TRANSFER,193,122505058.68000008,2,1152904.5899999999,2,2,0,0,1152904.5899999999
18,21,CASH_OUT,4,6678467.6,4,6678467.6,4,4,0,0,6678467.6
18,21,TRANSFER,4,6678467.6,4,6678467.6,4,4,0,0,6678467.6
18,22,CASH_IN,269,41081037.32,0,0.0,0,0,0,0,0.0
18,22,CASH_OUT,290,47266929.23000003,3,5210964.76,3,3,0,0,5210964.76
18,22,DEBIT,29,44957.740000000005,0,0.0,0,0,0,0,0.0
18,22,PAYMENT,967,8382537.530000004,0,0.0,0,0,0,0,0.0
18,22,TRANSFER,130,79804069.70000008,3,5210964.76,3,3,0,0,5210964.76
18,23,CASH_OUT,2,2057775.74,2,2057775.74,2,2,0,0,2057775.74
18,23,TRANSFER,2,2057775.74,2,2057775.74,2,2,0,0,2057775.74
19,0,CASH_OUT,3,1870176.9499999997,3,1870176.9499999997,3,3,0,0,1870176.9499999997
19,0,TRANSFER,3,1870176.9499999997,3,1870176.9499999997,3,3,0,0,1870176.9499999997
19,1,CASH_OUT,4,7533189.699999999,4,7533189.699999999,4,4,0,0,7533189.699999999
19,1,TRANSFER,4,7533189.699999999,4,7533189.699999999,4,4,0,0,7533189.699999999
19,2,CASH_OUT,2,1509270.51,2,1509270.51,2,2,0,0,1509270.51
19,2,TRANSFER,2,1509270.51,2,1509270.51,2,2,0,0,1509270.51
19,3,CASH_IN,94,15991870.599999998,0,0.0,0,0,0,0,0.0
19,3,CASH_OUT,28,13793437.33,8,10604229.77,8,8,0,0,10604229.77
19,3,DEBIT,5,16736.800000000003,0,0.0,0,0,0,0,0.0
19,3,PAYMENT,94,307600.6000000001,0,0.0,0,0,0,0,0.0
19,3,TRANSFER,27,27134223.52,8,10604229.77,11,8,3,0,10604229.77
19,4,CASH_OUT,8,12023222.700000001,8,12023222.700000001,8,8,0,0,12023222.700000001
19,4,TRANSFER,8,12023222.700000001,8,12023222.700000001,8,8,0,0,12023222.700000001
19,5,CASH_OUT,6,6994170.15,6,6994170.15,6,6,0,0,6994170.15
19,5,TRANSFER,6,6994170.15,6,6994170.15,6,6,0,0,6994170.15
19,6,CASH_IN,204,34496249.81999999,0,0.0,0,0,0,0,0.0
19,6,CASH_OUT,80,20429450.770000003,6,8323851.7,6,6,0,0,8323851.7
19,6,DEBIT,11,23173.53,0,0.0,0,0,0,0,0.0
19,6,PAYMENT,547,3983341.290000002,0,0.0,0,0,0,0,0.0
19,6,TRANSFER,41,31246477.61,6,8323851.7,11,6,5,0,8323851.7
19,7,CASH_OUT,9,53212448.16,9,53212448.16,9,9,0,0,53212448.16
19,7,TRANSFER,9,53212448.16,9,53212448.16,9,9,0,0,53212448.16
19,8,CASH_OUT,5,8352478.2,5,8352478.2,5,5,0,0,8352478.2
19,8,TRANSFER,5,8352478.2,5,8352478.2,5,5,0,0,8352478.2
19,9,CASH_IN,350,53339446.499999985,0,0.0,0,0,0,0,0.0
19,9,CASH_OUT,299,46661571.74999999,6,4651044.73,6,6,0,0,4651044.73
19,9,DEBIT,6,37275.14,0,0.0,0,0,0,0,0.0
19,9,PAYMENT,478,4200441.219999999,0,0.0,0,0,0,0,0.0
19,9,TRANSFER,89,46035096.78,6,4651044.73,6,6,0,0,4651044.73
19,10,CASH_OUT,5,4941633.109999999,5,4941633.109999999,5,5,0,0,4941633.109999999
19,10,TRANSFER,5,4941633.109999999,5,4941633.109999999,5,5,0,0,4941633.109999999
19,11,CASH_OUT,10,27964990.500000004,10,27964990.500000004,10,10,0,0,27964990.500000004
19,11,TRANSFER,10,27964990.500000004,10,27964990.500000004,10,10,0,0,27964990.500000004
19,12,CASH_IN,2,431558.51,0,0.0,0,0,0,0,0.0
19,12,CASH_OUT,26,5243497.829999998,3,2451196.9099999997,3,3,0,0,2451196.9099999997
19,12,PAYMENT,9,103490.34999999999,0,0.0,0,0,0,0,0.0
19,12,TRANSFER,27,14825556.39,3,2451196.9099999997,3,3,0,0,2451196.9099999997
19,13,CASH_OUT,6,11623602.879999999,6,11623602.879999999,6,6,0,0,11623602.879999999
19,13,TRANSFER,6,11623602.879999999,6,11623602.879999999,6,6,0,0,11623602.879999999
19,14,CASH_OUT,5,8513564.76,5,8513564.76,5,5,0,0,8513564.76
19,14,TRANSFER,5,8513564.76,5,8513564.76,5,5,0,0,8513564.76
19,15,CASH_IN,624,93932818.00000009,0,0.0,0,0,0,0,0.0
19,15,CASH_OUT,832,127248818.1700001,3,816183.78,3,3,0,0,816183.78
19,15,DEBIT,17,48053.479999999996,0,0.0,0,0,0,0,0.0
19,15,PAYMENT,849,12615097.08000001,0,0.0,0,0,0,0,0.0
19,15,TRANSFER,226,148411030.28999993,3,816183.78,3,3,0,0,816183.78
19,16,CASH_IN,283,46715968.69999999,0,0.0,0,0,0,0,0.0
19,16,CASH_OUT,349,61736575.99,3,2266298.89,3,3,0,0,2266298.89
19,16,DEBIT,3,4746.69,0,0.0,0,0,0,0,0.0
19,16,PAYMENT,460,5528909.069999999,0,0.0,0,0,0,0,0.0
19,16,TRANSFER,99,54263136.19999997,3,2266298.89,3,3,0,0,2266298.89
19,17,CASH_OUT,8,21451634.05,8,21451634.05,8,8,0,0,21451634.05
19,17,TRANSFER,8,21451634.05,8,21451634.05,8,8,0,0,21451634.05
19,18,CASH_IN,845,129061157.89999993,0,0.0,0,0,0,0,0.0
19,18,CASH_OUT,1340,183626672.04,2,484958.67,2,2,0,0,484958.67
19,18,DEBIT,16,23593.61,0,0.0,0,0,0,0,0.0
19,18,PAYMENT,1252,12090890.159999998,0,0.0,0,0,0,0,0.0
19,18,TRANSFER,298,199125721.19999984,2,484958.67,2,2,0,0,484958.67
19,19,CASH_IN,144,21578068.83,0,0.0,0,0,0,0,0.0
19,19,CASH_OUT,72,21786871.49,5,9631142.38,5,5,0,0,9631142.38
19,19,DEBIT,2,4402.610000000001,0,0.0,0,0,0,0,0.0
19,19,PAYMENT,70,718020.54,0,0.0,0,0,0,0,0.0
19,19,TRANSFER,20,18582319.55,5,9631142.38,5,5,0,0,9631142.38
19,20,CASH_IN,5,578204.52,0,0.0,0,0,0,0,0.0
19,20,CASH_OUT,19,6059078.630000001,4,4317510.81,4,4,0,0,4317510.81
19,20,DEBIT,1,2615.96,0,0.0,0,0,0,0,0.0
19,20,PAYMENT,22,252638.77999999997,0,0.0,0,0,0,0,0.0
19,20,TRANSFER,12,13233241.370000001,4,4317510.81,4,4,0,0,4317510.81
19,21,CASH_OUT,10,2514864.17,3,1855463.7999999998,3,3,0,0,1855463.7999999998
19,21,PAYMENT,16,111806.90999999999,0,0.0,0,0,0,0,0.0
19,21,TRANSFER,13,10692087.26,3,1855463.7999999998,3,3,0,0,1855463.7999999998
19,22,CASH_IN,158,24050379.89999999,0,0.0,0,0,0,0,0.0
19,22,CASH_OUT,95,17403363.629999995,5,2996846.9699999997,5,5,0,0,2996846.9699999997
19,22,DEBIT,5,12215.289999999999,0,0.0,0,0,0,0,0.0
19,22,PAYMENT,505,6312271.750000001,0,0.0,0,0,0,0,0.0
19,22,TRANSFER,61,36338679.97,5,2996846.9699999997,5,5,0,0,2996846.9699999997
19,23,CASH_OUT,9,15974981.860000001,9,15974981.860000001,9,9,0,0,15974981.860000001
19,23,TRANSFER,9,15974981.860000001,9,15974981.860000001,9,9,0,0,15974981.860000001
20,0,CASH_OUT,5,2498070.27,5,2498070.27,5,5,0,0,2498070.27
20,0,TRANSFER,5,2498070.27,5,2498070.27,5,5,0,0,2498070.27
20,1,CASH_IN,113,19452973.710000005,0,0.0,0,0,0,0,0.0
20,1,CASH_OUT,80,12714057.309999999,3,446504.78,3,3,0,0,446504.78
20,1,DEBIT,20,17812.249999999996,0,0.0,0,0,0,0,0.0
20,1,PAYMENT,208,1414575.8300000005,0,0.0,0,0,0,0,0.0
20,1,TRANSFER,17,7139441.720000002,3,446504.78,5,3,2,0,446504.78
20,2,CASH_OUT,4,1481050.98,4,1481050.98,4,4,0,0,1481050.98
20,2,TRANSFER,4,1481050.98,4,1481050.98,4,4,0,0,1481050.98
20,3,CASH_OUT,14,6770763.15,8,5689401.65,8,8,0,0,5689401.65
20,3,DEBIT,2,53614.75,0,0.0,0,0,0,0,0.0
20,3,PAYMENT,15,33804.35,0,0.0,0,0,0,0,0.0
20,3,TRANSFER,28,15031115.569999998,8,5689401.65,9,8,1,0,5689401.65
20,4,CASH_OUT,31,14428919.629999999,8,11050706.64,8,8,0,0,11050706.64
20,4,PAYMENT,25,72135.69,0,0.0,0,0,0,0,0.0
20,4,TRANSFER,27,24173179.610000003,8,11050706.64,10,8,2,0,11050706.64
20,5,CASH_OUT,8,6466965.28,8,6466965.28,8,8,0,0,6466965.28
20,5,TRANSFER,8,6466965.28,8,6466965.28,8,8,0,0,6466965.28
20,6,CASH_OUT,5,7787845.88,5,7787845.88,5,5,0,0,7787845.88
20,6,TRANSFER,5,7787845.88,5,7787845.88,5,5,0,0,7787845.88
20,7,CASH_OUT,8,9823924.940000001,8,9823924.940000001,8,8,0,0,9823924.940000001
20,7,TRANSFER,8,9823924.940000001,8,9823924.940000001,8,8,0,0,9823924.940000001
20,8,CASH_OUT,6,10097910.75,6,10097910.75,6,6,0,0,10097910.75
20,8,TRANSFER,6,10097910.75,6,10097910.75,6,6,0,0,10097910.75
20,9,CASH_IN,238,42259435.70999997,0,0.0,0,0,0,0,0.0
20,9,CASH_OUT,272,52926167.269999996,3,4699738.64,3,3,0,0,4699738.64
20,9,DEBIT,4,10970.119999999999,0,0.0,0,0,0,0,0.0
20,9,PAYMENT,393,6199800.120000005,0,0.0,0,0,0,0,0.0
20,9,TRANSFER,77,64144051.110000014,3,4699738.64,3,3,0,0,4699738.64
20,10,CASH_OUT,6,3336949.13,6,3336949.13,6,6,0,0,3336949.13
20,10,TRANSFER,6,3336949.13,6,3336949.13,6,6,0,0,3336949.13
20,11,CASH_OUT,6,4213878.1899999995,6,4213878.1899999995,6,6,0,0,4213878.1899999995
20,11,TRANSFER,6,4213878.1899999995,6,4213878.1899999995,6,6,0,0,4213878.1899999995
20,12,CASH_IN,1222,230903038.37999988,0,0.0,0,0,0,0,0.0
20,12,CASH_OUT,2189,422765449.240001,4,21146825.44,5,4,1,0,21146825.44
20,12,DEBIT,28,78772.6,0,0.0,0,0,0,0,0.0
20,12,PAYMENT,2000,25602107.25000005,0,0.0,0,0,0,0,0.0
20,12,TRANSFER,577,449198982.9800004,4,21146825.44,4,4,0,0,21146825.44
20,13,CASH_OUT,6,6964930.850000001,6,6964930.850000001,6,6,0,0,6964930.850000001
20,13,TRANSFER,6,6964930.850000001,6,6964930.850000001,6,6,0,0,6964930.850000001
20,14,CASH_IN,676,120664657.49999993,0,0.0,0,0,0,0,0.0
20,14,CASH_OUT,872,160214958.70999974,1,504344.93,1,1,0,0,504344.93
20,14,DEBIT,13,20837.639999999996,0,0.0,0,0,0,0,0.0
20,14,PAYMENT,834,11724731.06,0,0.0,0,0,0,0,0.0
20,14,TRANSFER,225,186440757.34,1,504344.93,1,1,0,0,504344.93
20,15,CASH_IN,5,1118611.0,0,0.0,0,0,0,0,0.0
20,15,CASH_OUT,39,10269274.08,4,4044095.48,4,4,0,0,4044095.48
20,15,DEBIT,1,364.98,0,0.0,0,0,0,0,0.0
20,15,PAYMENT,13,451513.69999999995,0,0.0,0,0,0,0,0.0
20,15,TRANSFER,26,38737275.53,4,4044095.48,4,4,0,0,4044095.48
20,16,CASH_OUT,5,711566.78,5,711566.78,5,5,0,0,711566.78
20,16,TRANSFER,5,711566.78,5,711566.78,5,5,0,0,711566.78
20,17,CASH_IN,769,135607395.79,0,0.0,0,0,0,0,0.0
20,17,CASH_OUT,897,170154826.45999983,4,2902184.3200000003,4,4,0,0,2902184.3200000003
20,17,DEBIT,11,14795.34,0,0.0,0,0,0,0,0.0
20,17,PAYMENT,787,7631175.059999997,0,0.0,0,0,0,0,0.0
20,17,TRANSFER,264,264930530.9700002,4,2902184.3200000003,4,4,0,0,2902184.3200000003
20,18,CASH_OUT,7,2083918.73,7,2083918.73,7,7,0,0,2083918.73
20,18,TRANSFER,7,2083918.73,7,2083918.73,7,7,0,0,2083918.73
20,19,CASH_IN,762,127181506.57000016,0,0.0,0,0,0,0,0.0
20,19,CASH_OUT,1283,179298708.5599999,4,1653424.0099999998,4,4,0,0,1653424.0099999998
20,19,DEBIT,23,46152.6,0,0.0,0,0,0,0,0.0
20,19,PAYMENT,1303,14899309.860000005,0,0.0,0,0,0,0,0.0
20,19,TRANSFER,384,271980257.32,4,1653424.0099999998,4,4,0,0,1653424.0099999998
20,20,CASH_OUT,5,19160596.379999995,5,19160596.379999995,5,5,0,0,19160596.379999995
20,20,TRANSFER,5,19160596.379999995,5,19160596.379999995,5,5,0,0,19160596.379999995
20,21,CASH_IN,399,65717359.389999956,0,0.0,0,0,0,0,0.0
20,21,CASH_OUT,348,44459241.61999997,3,3135188.08,3,3,0,0,3135188.08
20,21,DEBIT,24,24210.760000000002,0,0.0,0,0,0,0,0.0
20,21,PAYMENT,948,9118794.15999999,0,0.0,0,0,0,0,0.0
20,21,TRANSFER,189,130311526.31999998,3,3135188.08,3,3,0,0,3135188.08
20,22,CASH_IN,182,25797654.409999996,0,0.0,0,0,0,0,0.0
20,22,CASH_OUT,92,18910268.87,2,7469012.67,2,2,0,0,7469012.67
20,22,DEBIT,12,20992.95,0,0.0,0,0,0,0,0.0
20,22,PAYMENT,555,4455536.8999999985,0,0.0,0,0,0,0,0.0
20,22,TRANSFER,63,49578349.3,2,7469012.67,2,2,0,0,7469012.67
20,23,CASH_OUT,3,972629.55,3,972629.55,3,3,0,0,972629.55
20,23,TRANSFER,3,972629.55,3,972629.55,3,3,0,0,972629.55
21,0,CASH_OUT,7,3738033.8000000003,7,3738033.8000000003,7,7,0,0,3738033.8000000003
21,0,TRANSFER,7,3738033.8000000003,7,3738033.8000000003,7,7,0,0,3738033.8000000003
21,1,CASH_OUT,8,3809126.8800000004,8,3809126.8800000004,8,8,0,0,3809126.8800000004
21,1,TRANSFER,8,3809126.8800000004,8,3809126.8800000004,8,8,0,0,3809126.8800000004
21,2,CASH_IN,120,19142231.54999999,0,0.0,0,0,0,0,0.0
21,2,CASH_OUT,54,19702915.719999995,4,11613790.48,4,4,0,0,11613790.48
21,2,DEBIT,3,3018.2,0,0.0,0,0,0,0,0.0
21,2,PAYMENT,112,415786.20000000007,0,0.0,0,0,0,0,0.0
21,2,TRANSFER,28,24673840.21000001,4,11613790.48,8,4,4,0,11613790.48
21,3,CASH_OUT,3,250567.61,3,250567.61,3,3,0,0,250567.61
21,3,TRANSFER,3,250567.61,3,250567.61,3,3,0,0,250567.61
21,4,CASH_OUT,6,8335194.9399999995,6,8335194.9399999995,6,6,0,0,8335194.9399999995
21,4,TRANSFER,6,8335194.9399999995,6,8335194.9399999995,6,6,0,0,8335194.9399999995
21,5,CASH_OUT,4,6153925.75,4,6153925.75,4,4,0,0,6153925.75
21,5,TRANSFER,4,6153925.75,4,6153925.75,4,4,0,0,6153925.75
21,6,CASH_IN,191,32664607.46,0,0.0,0,0,0,0,0.0
21,6,CASH_OUT,100,19217568.970000006,7,6032599.73,7,7,0,0,6032599.73
21,6,DEBIT,19,63303.04,0,0.0,0,0,0,0,0.0
21,6,PAYMENT,502,3105562.55,0,0.0,0,0,0,0,0.0
21,6,TRANSFER,100,57767840.01000001,7,6032599.73,21,7,14,0,6032599.73
21,7,CASH_OUT,4,5767824.43,4,5767824.43,4,4,0,0,5767824.43
21,7,TRANSFER,4,5767824.43,4,5767824.43,4,4,0,0,5767824.43
21,8,CASH_OUT,7,10030303.110000001,7,10030303.110000001,7,7,0,0,10030303.110000001
21,8,TRANSFER,7,10030303.110000001,7,10030303.110000001,7,7,0,0,10030303.110000001
21,9,CASH_IN,933,172318768.05000007,0,0.0,0,0,0,0,0.0
21,9,CASH_OUT,1286,236819466.38999987,5,8146262.51,5,5,0,0,8146262.51
21,9,DEBIT,19,2730005.4400000004,0,0.0,0,0,0,0,0.0
21,9,PAYMENT,1210,19261857.95999999,0,0.0,0,0,0,0,0.0
21,9,TRANSFER,372,339782033.8299998,5,8146262.51,5,5,0,0,8146262.51
21,10,CASH_OUT,6,4824577.7,6,4824577.7,6,6,0,0,4824577.7
21,10,TRANSFER,6,4824577.7,6,4824577.7,6,6,0,0,4824577.7
21,11,CASH_IN,1169,218540082.65,0,0.0,0,0,0,0,0.0
21,11,CASH_OUT,1641,315396021.84999985,3,4207716.1,3,3,0,0,4207716.1
21,11,DEBIT,24,63462.72000000001,0,0.0,0,0,0,0,0.0
21,11,PAYMENT,1712,37693042.170000084,0,0.0,0,0,0,0,0.0
21,11,TRANSFER,573,601129855.7400001,3,4207716.1,3,3,0,0,4207716.1
21,12,CASH_IN,466,83016185.39999996,0,0.0,0,0,0,0,0.0
21,12,CASH_OUT,627,117810606.26999994,4,2531801.63,4,4,0,0,2531801.63
21,12,DEBIT,3,12267.76,0,0.0,0,0,0,0,0.0
21,12,PAYMENT,557,8012304.79,0,0.0,0,0,0,0,0.0
21,12,TRANSFER,166,213489173.92000008,4,2531801.63,4,4,0,0,2531801.63
21,13,CASH_OUT,4,11328256.49,4,11328256.49,4,4,0,0,11328256.49
21,13,TRANSFER,4,11328256.49,4,11328256.49,4,4,0,0,11328256.49
21,14,CASH_IN,794,132783773.81000002,0,0.0,0,0,0,0,0.0
21,14,CASH_OUT,1165,205008990.59999985,8,5143523.74,8,8,0,0,5143523.74
21,14,DEBIT,5,11626.98,0,0.0,0,0,0,0,0.0
21,14,PAYMENT,967,13016344.619999992,0,0.0,0,0,0,0,0.0
21,14,TRANSFER,325,371872550.38999987,8,5143523.74,8,8,0,0,5143523.74
21,15,CASH_IN,219,39291294.56000001,0,0.0,0,0,0,0,0.0
21,15,CASH_OUT,244,46269557.04,3,971048.5099999999,3,3,0,0,971048.5099999999
21,15,DEBIT,6,13582.099999999999,0,0.0,0,0,0,0,0.0
21,15,PAYMENT,301,3894583.149999998,0,0.0,0,0,0,0,0.0
21,15,TRANSFER,103,72881101.75,3,971048.5099999999,3,3,0,0,971048.5099999999
21,16,CASH_OUT,10,22098402.160000004,10,22098402.160000004,10,10,0,0,22098402.160000004
21,16,TRANSFER,10,22098402.160000004,10,22098402.160000004,10,10,0,0,22098402.160000004
21,17,CASH_OUT,6,21067471.4,6,21067471.4,6,6,0,0,21067471.4
21,17,TRANSFER,6,21067471.4,6,21067471.4,6,6,0,0,21067471.4
21,18,CASH_OUT,5,1911747.45,5,1911747.45,5,5,0,0,1911747.45
21,18,TRANSFER,5,1911747.45,5,1911747.45,5,5,0,0,1911747.45
21,19,CASH_IN,1296,190668980.45999995,0,0.0,0,0,0,0,0.0
21,19,CASH_OUT,1981,268969127.7700002,2,952802.87,2,2,0,0,952802.87
21,19,DEBIT,18,22622.320000000003,0,0.0,0,0,0,0,0.0
21,19,PAYMENT,2194,24498942.609999977,0,0.0,0,0,0,0,0.0
21,19,TRANSFER,619,397046359.6699999,2,952802.87,2,2,0,0,952802.87
21,20,CASH_OUT,14,39807336.239999995,14,39807336.239999995,14,14,0,0,39807336.239999995
21,20,TRANSFER,14,39807336.239999995,14,39807336.239999995,14,14,0,0,39807336.239999995
21,21,CASH_IN,118,18730360.319999993,0,0.0,0,0,0,0,0.0
21,21,CASH_OUT,83,18182898.479999997,6,7852922.21,6,6,0,0,7852922.21
21,21,DEBIT,1,1615.88,0,0.0,0,0,0,0,0.0
21,21,PAYMENT,86,673252.1899999997,0,0.0,0,0,0,0,0.0
21,21,TRANSFER,25,19116487.620000005,6,7852922.21,6,6,0,0,7852922.21
21,22,CASH_IN,328,50917981.040000014,0,0.0,0,0,0,0,0.0
21,22,CASH_OUT,297,44042268.94,5,3016316.13,5,5,0,0,3016316.13
21,22,DEBIT,14,16871.66,0,0.0,0,0,0,0,0.0
21,22,PAYMENT,1098,8628692.82999999,0,0.0,0,0,0,0,0.0
21,22,TRANSFER,141,82744595.20000002,5,3016316.13,5,5,0,0,3016316.13
21,23,CASH_OUT,5,5019757.4399999995,5,5019757.4399999995,5,5,0,0,5019757.4399999995
21,23,TRANSFER,5,5019757.4399999995,5,5019757.4399999995,5,5,0,0,5019757.4399999995
22,0,CASH_IN,155,26357358.829999987,0,0.0,0,0,0,0,0.0
22,0,CASH_OUT,109,26694226.21,4,10529359.379999999,4,4,0,0,10529359.379999999
22,0,DEBIT,32,35319.89999999999,0,0.0,0,0,0,0,0.0
22,0,PAYMENT,565,5192031.519999994,0,0.0,0,0,0,0,0.0
22,0,TRANSFER,75,40324113.14999999,4,10529359.379999999,12,4,8,0,10529359.379999999
22,1,CASH_OUT,4,18664902.51,4,18664902.51,4,4,0,0,18664902.51
22,1,TRANSFER,4,18664902.51,4,18664902.51,4,4,0,0,18664902.51
22,2,CASH_OUT,7,21053603.61,7,21053603.61,7,7,0,0,21053603.61
22,2,TRANSFER,7,21053603.61,7,21053603.61,7,7,0,0,21053603.61
22,3,CASH_OUT,3,953634.0800000001,3,953634.0800000001,3,3,0,0,953634.0800000001
22,3,TRANSFER,3,953634.0800000001,3,953634.0800000001,3,3,0,0,953634.0800000001
22,4,CASH_IN,102,17259447.580000006,0,0.0,0,0,0,0,0.0
22,4,CASH_OUT,63,15327134.190000003,7,5662351.600000001,7,7,0,0,5662351.600000001
22,4,DEBIT,2,1848.8400000000001,0,0.0,0,0,0,0,0.0
22,4,PAYMENT,98,483234.71999999986,0,0.0,0,0,0,0,0.0
22,4,TRANSFER,23,15828205.74,7,5662351.600000001,9,7,2,0,5662351.600000001
22,5,CASH_OUT,5,8175986.06,5,8175986.06,5,5,0,0,8175986.06
22,5,TRANSFER,5,8175986.06,5,8175986.06,5,5,0,0,8175986.06
22,6,CASH_OUT,3,1520491.9100000001,3,1520491.9100000001,3,3,0,0,1520491.9100000001
22,6,TRANSFER,3,1520491.9100000001,3,1520491.9100000001,3,3,0,0,1520491.9100000001
22,7,CASH_OUT,6,12271274.420000002,6,12271274.420000002,6,6,0,0,12271274.420000002
22,7,TRANSFER,6,12271274.420000002,6,12271274.420000002,6,6,0,0,12271274.420000002
22,8,CASH_OUT,5,2176405.17,5,2176405.17,5,5,0,0,2176405.17
22,8,TRANSFER,5,2176405.17,5,2176405.17,5,5,0,0,2176405.17
22,9,CASH_IN,2082,354774220.22999907,0,0.0,0,0,0,0,0.0
22,9,CASH_OUT,2734,541214297.7500002,7,20374205.87,7,7,0,0,20374205.87
22,9,DEBIT,66,344456.44999999995,0,0.0,0,0,0,0,0.0
22,9,PAYMENT,2975,43403584.14999998,0,0.0,0,0,0,0,0.0
22,9,TRANSFER,876,1059536594.0699999,7,20374205.87,7,7,0,0,20374205.87
22,10,CASH_OUT,3,427481.49,3,427481.49,3,3,0,0,427481.49
22,10,TRANSFER,3,427481.49,3,427481.49,3,3,0,0,427481.49
22,11,CASH_OUT,7,24658015.28,7,24658015.28,7,7,0,0,24658015.28
22,11,TRANSFER,7,24658015.28,7,24658015.28,7,7,0,0,24658015.28
22,12,CASH_IN,359,59046964.02000004,0,0.0,0,0,0,0,0.0
22,12,CASH_OUT,435,82858549.81000002,3,6248451.03,3,3,0,0,6248451.03
22,12,DEBIT,7,16271.21,0,0.0,0,0,0,0,0.0
22,12,PAYMENT,484,9282711.899999999,0,0.0,0,0,0,0,0.0
22,12,TRANSFER,106,81895218.39000003,3,6248451.03,3,3,0,0,6248451.03
22,13,CASH_IN,853,157420080.3999999,0,0.0,0,0,0,0,0.0
22,13,CASH_OUT,1215,209789186.0900003,4,1525237.2099999997,4,4,0,0,1525237.2099999997
22,13,DEBIT,22,67324.38999999998,0,0.0,0,0,0,0,0.0
22,13,PAYMENT,1080,14569099.599999992,0,0.0,0,0,0,0,0.0
22,13,TRANSFER,318,268077167.38000017,4,1525237.2099999997,4,4,0,0,1525237.2099999997
22,14,CASH_OUT,6,2931460.91,6,2931460.91,6,6,0,0,2931460.91
22,14,TRANSFER,6,2931460.91,6,2931460.91,6,6,0,0,2931460.91
22,15,CASH_IN,736,130194004.36000003,0,0.0,0,0,0,0,0.0
22,15,CASH_OUT,1051,199570845.24000013,6,13796866.530000001,6,6,0,0,13796866.530000001
22,15,DEBIT,18,50768.149999999994,0,0.0,0,0,0,0,0.0
22,15,PAYMENT,969,13910356.670000002,0,0.0,0,0,0,0,0.0
22,15,TRANSFER,263,245641444.83999988,6,13796866.530000001,6,6,0,0,13796866.530000001
22,16,CASH_OUT,7,5972994.87,7,5972994.87,7,7,0,0,5972994.87
22,16,TRANSFER,7,5972994.87,7,5972994.87,7,7,0,0,5972994.87
22,17,CASH_IN,4101,685214049.1400005,0,0.0,0,0,0,0,0.0
22,17,CASH_OUT,7084,1132326452.89,7,4223491.659999999,7,7,0,0,4223491.659999999
22,17,DEBIT,121,428765.04000000004,0,0.0,0,0,0,0,0.0
22,17,PAYMENT,5740,79384252.73999995,0,0.0,0,0,0,0,0.0
22,17,TRANSFER,1585,1773372867.2700014,7,4223491.659999999,7,7,0,0,4223491.659999999
22,18,CASH_OUT,15,34770071.2,15,34770071.2,15,15,0,0,34770071.2
22,18,TRANSFER,15,34770071.2,15,34770071.2,15,15,0,0,34770071.2
22,19,CASH_IN,693,104104823.15000002,0,0.0,0,0,0,0,0.0
22,19,CASH_OUT,776,113705764.16999996,2,588539.69,2,2,0,0,588539.69
22,19,DEBIT,18,27022.409999999993,0,0.0,0,0,0,0,0.0
22,19,PAYMENT,929,17725498.53999999,0,0.0,0,0,0,0,0.0
22,19,TRANSFER,248,132220950.47000006,2,588539.69,2,2,0,0,588539.69
22,20,CASH_IN,1714,252914745.96999994,0,0.0,0,0,0,0,0.0
22,20,CASH_OUT,2066,297378767.7399993,1,203280.85,1,1,0,0,203280.85
22,20,DEBIT,127,363038.9400000001,0,0.0,0,0,0,0,0.0
22,20,PAYMENT,3418,72293590.28999999,0,0.0,0,0,0,0,0.0
22,20,TRANSFER,698,333520429.5800001,1,203280.85,1,1,0,0,203280.85
22,21,CASH_IN,533,81843755.50999999,0,0.0,0,0,0,0,0.0
22,21,CASH_OUT,529,74411415.95999995,6,1914316.22,6,6,0,0,1914316.22
22,21,DEBIT,42,228736.78999999998,0,0.0,0,0,0,0,0.0
22,21,PAYMENT,1123,10501510.280000003,0,0.0,0,0,0,0,0.0
22,21,TRANSFER,243,105774847.88000003,6,1914316.22,6,6,0,0,1914316.22
22,22,CASH_IN,518,81400430.73,0,0.0,0,0,0,0,0.0
22,22,CASH_OUT,483,76523861.94999999,3,1179830.72,3,3,0,0,1179830.72
22,22,DEBIT,39,125195.17,0,0.0,0,0,0,0,0.0
22,22,PAYMENT,1434,12152277.640000004,0,0.0,0,0,0,0,0.0
22,22,TRANSFER,223,105697166.47000003,3,1179830.72,3,3,0,0,1179830.72
22,23,CASH_IN,159,27322788.019999985,0,0.0,0,0,0,0,0.0
22,23,CASH_OUT,116,22521246.41,7,4587068.800000001,7,7,0,0,4587068.800000001
22,23,DEBIT,28,32960.89,0,0.0,0,0,0,0,0.0
22,23,PAYMENT,566,4889882.489999998,0,0.0,0,0,0,0,0.0
22,23,TRANSFER,68,30552814.93000001,7,4587068.800000001,7,7,0,0,4587068.800000001
23,0,CASH_OUT,20,7376005.609999999,3,4852030.859999999,3,3,0,0,4852030.859999999
23,0,PAYMENT,5,9889.65,0,0.0,0,0,0,0,0.0
23,0,TRANSFER,8,7856011.260000002,3,4852030.859999999,4,3,1,0,4852030.859999999
23,1,CASH_IN,121,19525535.740000002,0,0.0,0,0,0,0,0.0
23,1,CASH_OUT,83,14347933.709999997,4,954742.73,4,4,0,0,954742.73
23,1,DEBIT,28,48915.719999999994,0,0.0,0,0,0,0,0.0
23,1,PAYMENT,137,952670.3699999996,0,0.0,0,0,0,0,0.0
23,1,TRANSFER,40,19894310.270000003,4,954742.73,6,4,2,0,954742.73
23,2,CASH_IN,94,16469938.07,0,0.0,0,0,0,0,0.0
23,2,CASH_OUT,42,18473772.49,7,12134398.690000001,7,7,0,0,12134398.690000001
23,2,DEBIT,13,12346.84,0,0.0,0,0,0,0,0.0
23,2,PAYMENT,75,590653.3300000003,0,0.0,0,0,0,0,0.0
23,2,TRANSFER,26,22223817.740000002,7,12134398.690000001,11,7,4,0,12134398.690000001
23,3,CASH_OUT,32,5617740.68,3,1076863.6,3,3,0,0,1076863.6
23,3,DEBIT,3,4364.58,0,0.0,0,0,0,0,0.0
23,3,PAYMENT,46,342824.1600000001,0,0.0,0,0,0,0,0.0
23,3,TRANSFER,14,7961879.630000001,3,1076863.6,4,3,1,0,1076863.6
23,4,CASH_OUT,6,6534721.930000001,6,6534721.930000001,6,6,0,0,6534721.930000001
23,4,TRANSFER,6,6534721.930000001,6,6534721.930000001,6,6,0,0,6534721.930000001
23,5,CASH_IN,135,23788306.900000002,0,0.0,0,0,0,0,0.0
23,5,CASH_OUT,74,16045754.4,6,3671356.56,6,6,0,0,3671356.56
23,5,DEBIT,12,9638.17,0,0.0,0,0,0,0,0.0
23,5,PAYMENT,286,2435929.709999999,0,0.0,0,0,0,0,0.0
23,5,TRANSFER,24,9735085.949999997,6,3671356.56,7,6,1,0,3671356.56
23,6,CASH_OUT,3,1267552.83,3,1267552.83,3,3,0,0,1267552.83
23,6,TRANSFER,3,1267552.83,3,1267552.83,3,3,0,0,1267552.83
23,7,CASH_OUT,6,3671372.15,6,3671372.15,6,6,0,0,3671372.15
23,7,TRANSFER,6,3671372.15,6,3671372.15,6,6,0,0,3671372.15
23,8,CASH_OUT,9,3595581.3700000006,9,3595581.3700000006,9,9,0,0,3595581.3700000006
23,8,TRANSFER,9,3595581.3700000006,9,3595581.3700000006,9,9,0,0,3595581.3700000006
23,9,CASH_IN,858,140715140.83000013,0,0.0,0,0,0,0,0.0
23,9,CASH_OUT,1085,196853163.4699997,5,5022200.4399999995,5,5,0,0,5022200.4399999995
23,9,DEBIT,13,61994.979999999996,0,0.0,0,0,0,0,0.0
23,9,PAYMENT,886,11187003.569999991,0,0.0,0,0,0,0,0.0
23,9,TRANSFER,278,455106295.40000004,5,5022200.4399999995,5,5,0,0,5022200.4399999995
23,10,CASH_OUT,2,278483.07,2,278483.07,2,2,0,0,278483.07
23,10,TRANSFER,2,278483.07,2,278483.07,2,2,0,0,278483.07
23,11,CASH_IN,1076,199608562.6399997,0,0.0,0,0,0,0,0.0
23,11,CASH_OUT,1706,314101935.3800003,3,6039624.640000001,3,3,0,0,6039624.640000001
23,11,DEBIT,43,253719.72999999992,0,0.0,0,0,0,0,0.0
23,11,PAYMENT,2048,29134643.870000005,0,0.0,0,0,0,0,0.0
23,11,TRANSFER,603,526529591.4500003,3,6039624.640000001,3,3,0,0,6039624.640000001
23,12,CASH_OUT,6,21655332.04,6,21655332.04,6,6,0,0,21655332.04
23,12,TRANSFER,6,21655332.04,6,21655332.04,6,6,0,0,21655332.04
23,13,CASH_IN,1013,163007445.37999985,0,0.0,0,0,0,0,0.0
23,13,CASH_OUT,1518,270813891.1600004,5,14602169.379999999,5,5,0,0,14602169.379999999
23,13,DEBIT,15,33249.79,0,0.0,0,0,0,0,0.0
23,13,PAYMENT,1432,24248200.480000004,0,0.0,0,0,0,0,0.0
23,13,TRANSFER,497,305794298.21,5,14602169.379999999,5,5,0,0,14602169.379999999
23,14,CASH_OUT,3,2690258.9,3,2690258.9,3,3,0,0,2690258.9
23,14,TRANSFER,3,2690258.9,3,2690258.9,3,3,0,0,2690258.9
23,15,CASH_IN,2341,405208040.8400011,0,0.0,0,0,0,0,0.0
23,15,CASH_OUT,3193,562478083.2300001,3,618139.28,3,3,0,0,618139.28
23,15,DEBIT,79,427195.31999999995,0,0.0,0,0,0,0,0.0
23,15,PAYMENT,2920,53928411.27999998,0,0.0,0,0,0,0,0.0
23,15,TRANSFER,825,622860482.6400007,3,618139.28,3,3,0,0,618139.28
23,16,CASH_IN,819,151686325.94000015,0,0.0,0,0,0,0,0.0
23,16,CASH_OUT,1271,202170575.2600004,0,0.0,0,0,0,0,0.0
23,16,DEBIT,16,152299.38,0,0.0,0,0,0,0,0.0
23,16,PAYMENT,1125,22438409.230000023,0,0.0,0,0,0,0,0.0
23,16,TRANSFER,331,168613053.14000005,0,0.0,0,0,0,0,0.0
23,17,CASH_IN,1779,321091851.09999937,0,0.0,0,0,0,0,0.0
23,17,CASH_OUT,2833,449152026.73,5,2397915.49,5,5,0,0,2397915.49
23,17,DEBIT,31,102702.31999999999,0,0.0,0,0,0,0,0.0
23,17,PAYMENT,2449,29279365.059999995,0,0.0,0,0,0,0,0.0
23,17,TRANSFER,679,369797780.1299998,5,2397915.49,5,5,0,0,2397915.49
23,18,CASH_IN,598,102858506.48000005,0,0.0,0,0,0,0,0.0
23,18,CASH_OUT,786,115350154.91999997,4,2217494.98,4,4,0,0,2217494.98
23,18,DEBIT,5,28190.58,0,0.0,0,0,0,0,0.0
23,18,PAYMENT,624,7038402.759999991,0,0.0,0,0,0,0,0.0
23,18,TRANSFER,248,134441152.48,4,2217494.98,4,4,0,0,2217494.98
23,19,CASH_IN,1167,177293908.01999998,0,0.0,0,0,0,0,0.0
23,19,CASH_OUT,1903,260377903.1000001,1,126431.61,1,1,0,0,126431.61
23,19,DEBIT,34,324087.49000000005,0,0.0,0,0,0,0,0.0
23,19,PAYMENT,2148,22469534.10999998,0,0.0,0,0,0,0,0.0
23,19,TRANSFER,437,242852724.86000004,1,126431.61,1,1,0,0,126431.61
23,20,CASH_IN,184,24542643.52,0,0.0,0,0,0,0,0.0
23,20,CASH_OUT,132,20026220.08000001,6,3809671.08,6,6,0,0,3809671.08
23,20,DEBIT,10,19708.29,0,0.0,0,0,0,0,0.0
23,20,PAYMENT,288,2908995.209999997,0,0.0,0,0,0,0,0.0
23,20,TRANSFER,28,14044297.779999997,6,3809671.08,6,6,0,0,3809671.08
23,21,CASH_IN,824,133809968.33000007,0,0.0,0,0,0,0,0.0
23,21,CASH_OUT,1099,164860699.63000005,4,2062313.83,4,4,0,0,2062313.83
23,21,DEBIT,68,197792.44999999987,0,0.0,0,0,0,0,0.0
23,21,PAYMENT,2402,22357888.18000003,0,0.0,0,0,0,0,0.0
23,21,TRANSFER,411,231085946.89,4,2062313.83,4,4,0,0,2062313.83
23,22,CASH_IN,177,33926063.37000001,0,0.0,0,0,0,0,0.0
23,22,CASH_OUT,164,32105545.22,9,8942265.639999999,9,9,0,0,8942265.639999999
23,22,DEBIT,18,24676.25,0,0.0,0,0,0,0,0.0
23,22,PAYMENT,532,3551527.2899999996,0,0.0,0,0,0,0,0.0
23,22,TRANSFER,58,28966167.489999995,9,8942265.639999999,9,9,0,0,8942265.639999999
23,23,CASH_IN,366,63465425.05000006,0,0.0,0,0,0,0,0.0
23,23,CASH_OUT,156,27250619.870000005,5,1473764.9000000001,5,5,0,0,1473764.9000000001
23,23,DEBIT,21,22356.32,0,0.0,0,0,0,0,0.0
23,23,PAYMENT,858,7323357.270000002,0,0.0,0,0,0,0,0.0
23,23,TRANSFER,116,51275867.160000026,5,1473764.9000000001,5,5,0,0,1473764.9000000001
24,0,CASH_OUT,4,2338708.5,4,2338708.5,4,4,0,0,2338708.5
24,0,TRANSFER,4,2338708.5,4,2338708.5,4,4,0,0,2338708.5
24,1,CASH_OUT,9,41150209.07,9,41150209.07,9,9,0,0,41150209.07
24,1,TRANSFER,9,44726506.169999994,9,44726506.169999994,9,9,0,0,44726506.169999994
24,2,CASH_IN,50,7896760.21,0,0.0,0,0,0,0,0.0
24,2,CASH_OUT,19,6518500.770000001,3,3360921.17,3,3,0,0,3360921.17
24,2,DEBIT,4,3167.0899999999997,0,0.0,0,0,0,0,0.0
24,2,PAYMENT,59,269343.01000000007,0,0.0,0,0,0,0,0.0
24,2,TRANSFER,12,8362436.060000001,3,3360921.17,4,3,1,0,3360921.17
24,3,CASH_OUT,3,1560439.41,3,1560439.41,3,3,0,0,1560439.41
24,3,TRANSFER,3,1560439.41,3,1560439.41,3,3,0,0,1560439.41
24,4,CASH_OUT,10,9671781.55,10,9671781.55,10,10,0,0,9671781.55
24,4,TRANSFER,10,9671781.55,10,9671781.55,10,10,0,0,9671781.55
24,5,CASH_OUT,7,4236340.109999999,7,4236340.109999999,7,7,0,0,4236340.109999999
24,5,TRANSFER,7,4236340.109999999,7,4236340.109999999,7,7,0,0,4236340.109999999
24,6,CASH_OUT,5,4307218.12,5,4307218.12,5,5,0,0,4307218.12
24,6,TRANSFER,5,4307218.12,5,4307218.12,5,5,0,0,4307218.12
24,7,CASH_OUT,5,2235609.2199999997,5,2235609.2199999997,5,5,0,0,2235609.2199999997
24,7,TRANSFER,5,2235609.2199999997,5,2235609.2199999997,5,5,0,0,2235609.2199999997
24,8,CASH_OUT,8,8655534.43,8,8655534.43,8,8,0,0,8655534.43
24,8,TRANSFER,8,8655534.43,8,8655534.43,8,8,0,0,8655534.43
24,9,CASH_OUT,5,17051807.31,5,17051807.31,5,5,0,0,17051807.31
24,9,TRANSFER,5,17051807.31,5,17051807.31,5,5,0,0,17051807.31
24,10,CASH_IN,855,157370945.7,0,0.0,0,0,0,0,0.0
24,10,CASH_OUT,1102,201297539.13000003,9,10398371.94,9,9,0,0,10398371.94
24,10,DEBIT,14,28904.699999999997,0,0.0,0,0,0,0,0.0
24,10,PAYMENT,980,11062782.989999995,0,0.0,0,0,0,0,0.0
24,10,TRANSFER,333,311140486.89000016,9,10398371.94,9,9,0,0,10398371.94
24,11,CASH_IN,910,164509836.23000002,0,0.0,0,0,0,0,0.0
24,11,CASH_OUT,1216,244637921.63000014,8,13116074.100000001,8,8,0,0,13116074.100000001
24,11,DEBIT,18,568555.19,0,0.0,0,0,0,0,0.0
24,11,PAYMENT,1062,13514383.760000004,0,0.0,0,0,0,0,0.0
24,11,TRANSFER,340,170108501.04000002,8,13116074.100000001,8,8,0,0,13116074.100000001
24,12,CASH_IN,1085,193580856.88999996,0,0.0,0,0,0,0,0.0
24,12,CASH_OUT,2026,403618545.8500003,6,2983507.3200000003,6,6,0,0,2983507.3200000003
24,12,DEBIT,32,120182.38000000002,0,0.0,0,0,0,0,0.0
24,12,PAYMENT,1792,25576402.339999996,0,0.0,0,0,0,0,0.0
24,12,TRANSFER,490,306524906.28999996,6,2983507.3200000003,6,6,0,0,2983507.3200000003
24,13,CASH_IN,350,62876754.219999984,0,0.0,0,0,0,0,0.0
24,13,CASH_OUT,457,86562925.51,3,2297045.22,3,3,0,0,2297045.22
24,13,DEBIT,6,7140.44,0,0.0,0,0,0,0,0.0
24,13,PAYMENT,512,7538916.5200000005,0,0.0,0,0,0,0,0.0
24,13,TRANSFER,96,53449007.720000006,3,2297045.22,3,3,0,0,2297045.22
24,14,CASH_IN,935,181519467.04999995,0,0.0,0,0,0,0,0.0
24,14,CASH_OUT,1575,311890841.58000004,5,4035041.04,5,5,0,0,4035041.04
24,14,DEBIT,23,34505.69,0,0.0,0,0,0,0,0.0
24,14,PAYMENT,1427,15873143.370000025,0,0.0,0,0,0,0,0.0
24,14,TRANSFER,396,183114846.9199999,5,4035041.04,5,5,0,0,4035041.04
24,15,CASH_OUT,7,10506297.99,7,10506297.99,7,7,0,0,10506297.99
24,15,TRANSFER,7,10506297.99,7,10506297.99,7,7,0,0,10506297.99
24,16,CASH_IN,306,57918345.64000002,0,0.0,0,0,0,0,0.0
24,16,CASH_OUT,373,70322810.46,7,3507307.79,7,7,0,0,3507307.79
24,16,DEBIT,5,7538.13,0,0.0,0,0,0,0,0.0
24,16,PAYMENT,390,4484252.170000001,0,0.0,0,0,0,0,0.0
24,16,TRANSFER,108,63727444.809999995,7,3507307.79,7,7,0,0,3507307.79
24,17,CASH_IN,419,70371346.65000004,0,0.0,0,0,0,0,0.0
24,17,CASH_OUT,671,96875527.71999994,5,5091791.01,5,5,0,0,5091791.01
24,17,DEBIT,8,19211.71,0,0.0,0,0,0,0,0.0
24,17,PAYMENT,649,6373979.86000001,0,0.0,0,0,0,0,0.0
24,17,TRANSFER,218,116564457.99999993,5,5091791.01,5,5,0,0,5091791.01
24,18,CASH_IN,1024,170027322.0899999,0,0.0,0,0,0,0,0.0
24,18,CASH_OUT,1443,210681161.56999975,5,4607364.8,5,5,0,0,4607364.8
24,18,DEBIT,17,34657.03,0,0.0,0,0,0,0,0.0
24,18,PAYMENT,1356,10883788.989999993,0,0.0,0,0,0,0,0.0
24,18,TRANSFER,416,245446197.8600001,5,4607364.8,5,5,0,0,4607364.8
24,19,CASH_OUT,9,5630589.0,9,5630589.0,9,9,0,0,5630589.0
24,19,TRANSFER,9,5630589.0,9,5630589.0,9,9,0,0,5630589.0
24,20,CASH_IN,733,105995044.49,0,0.0,0,0,0,0,0.0
24,20,CASH_OUT,995,134711799.14999992,4,2377465.74,4,4,0,0,2377465.74
24,20,DEBIT,29,98989.75000000003,0,0.0,0,0,0,0,0.0
24,20,PAYMENT,1413,12278579.319999972,0,0.0,0,0,0,0,0.0
24,20,TRANSFER,317,136763661.79999992,4,2377465.74,4,4,0,0,2377465.74
24,21,CASH_IN,576,96875686.68000005,0,0.0,0,0,0,0,0.0
24,21,CASH_OUT,636,86419864.66,2,114989.44,2,2,0,0,114989.44
24,21,DEBIT,26,104230.99999999999,0,0.0,0,0,0,0,0.0
24,21,PAYMENT,1157,10050859.31000001,0,0.0,0,0,0,0,0.0
24,21,TRANSFER,219,102345332.05000004,2,114989.44,2,2,0,0,114989.44
24,22,CASH_OUT,4,2181204.79,4,2181204.79,4,4,0,0,2181204.79
24,22,TRANSFER,4,2181204.79,4,2181204.79,4,4,0,0,2181204.79
24,23,CASH_IN,174,28443314.81000001,0,0.0,0,0,0,0,0.0
24,23,CASH_OUT,87,15610865.569999997,7,4041853.25,7,7,0,0,4041853.25
24,23,DEBIT,14,57110.74,0,0.0,0,0,0,0,0.0
24,23,PAYMENT,525,3997764.260000002,0,0.0,0,0,0,0,0.0
24,23,TRANSFER,77,33811940.50000001,7,4041853.25,7,7,0,0,4041853.25
25,0,CASH_IN,104,19112147.24000001,0,0.0,0,0,0,0,0.0
25,0,CASH_OUT,58,12042884.749999998,6,3824731.4999999995,6,6,0,0,3824731.4999999995
25,0,DEBIT,18,49607.4,0,0.0,0,0,0,0,0.0
25,0,PAYMENT,152,658001.86,0,0.0,0,0,0,0,0.0
25,0,TRANSFER,32,13328429.820000002,6,3824731.4999999995,8,6,2,0,3824731.4999999995
25,1,CASH_IN,129,21032819.059999995,0,0.0,0,0,0,0,0.0
25,1,CASH_OUT,33,17115965.7,10,13736794.680000002,10,10,0,0,13736794.680000002
25,1,DEBIT,11,16673.64,0,0.0,0,0,0,0,0.0
25,1,PAYMENT,72,184034.70999999996,0,0.0,0,0,0,0,0.0
25,1,TRANSFER,24,20672667.33,10,13736794.680000002,12,10,2,0,13736794.680000002
25,2,CASH_OUT,6,6695556.8100000005,6,6695556.8100000005,6,6,0,0,6695556.8100000005
25,2,TRANSFER,6,6695556.8100000005,6,6695556.8100000005,6,6,0,0,6695556.8100000005
25,3,CASH_OUT,18,7139080.589999999,5,4777941.529999999,5,5,0,0,4777941.529999999
25,3,PAYMENT,24,58267.14999999998,0,0.0,0,0,0,0,0.0
25,3,TRANSFER,16,9617945.15,5,4777941.529999999,6,5,1,0,4777941.529999999
25,4,CASH_OUT,5,4054521.81,5,4054521.81,5,5,0,0,4054521.81
25,4,TRANSFER,5,4054521.81,5,4054521.81,5,5,0,0,4054521.81
25,5,CASH_IN,117,21382224.320000004,0,0.0,0,0,0,0,0.0
25,5,CASH_OUT,94,26090029.660000008,8,10922025.23,8,8,0,0,10922025.23
25,5,DEBIT,17,100401.42000000003,0,0.0,0,0,0,0,0.0
25,5,PAYMENT,516,4238776.900000001,0,0.0,0,0,0,0,0.0
25,5,TRANSFER,31,16838255.81,8,10922025.23,9,8,1,0,10922025.23
25,6,CASH_OUT,8,6218599.95,8,6218599.95,8,8,0,0,6218599.95
25,6,TRANSFER,8,6218599.95,8,6218599.95,8,8,0,0,6218599.95
25,7,CASH_IN,82,12302594.799999999,0,0.0,0,0,0,0,0.0
25,7,CASH_OUT,81,15810745.110000003,4,3036470.83,4,4,0,0,3036470.83
25,7,DEBIT,1,2404.66,0,0.0,0,0,0,0,0.0
25,7,PAYMENT,95,555807.4700000001,0,0.0,0,0,0,0,0.0
25,7,TRANSFER,22,13756305.889999997,4,3036470.83,4,4,0,0,3036470.83
25,8,CASH_IN,533,94829861.38999999,0,0.0,0,0,0,0,0.0
25,8,CASH_OUT,579,102534430.45999996,3,10055588.37,3,3,0,0,10055588.37
25,8,DEBIT,5,14560.16,0,0.0,0,0,0,0,0.0
25,8,PAYMENT,742,6244023.419999997,0,0.0,0,0,0,0,0.0
25,8,TRANSFER,188,96145191.05000001,3,10055588.37,3,3,0,0,10055588.37
25,9,CASH_IN,490,81069209.42,0,0.0,0,0,0,0,0.0
25,9,CASH_OUT,469,123277090.75,6,32827541.42,6,6,0,0,32827541.42
25,9,DEBIT,3,14139.03,0,0.0,0,0,0,0,0.0
25,9,PAYMENT,509,4636146.979999999,0,0.0,0,0,0,0,0.0
25,9,TRANSFER,110,108124235.93000004,6,33181415.64,6,6,0,0,33181415.64
25,10,CASH_IN,725,130957260.08,0,0.0,0,0,0,0,0.0
25,10,CASH_OUT,869,154100141.82,3,2523113.05,3,3,0,0,2523113.05
25,10,DEBIT,18,40416.58000000001,0,0.0,0,0,0,0,0.0
25,10,PAYMENT,880,10612080.01,0,0.0,0,0,0,0,0.0
25,10,TRANSFER,248,247971328.93999988,3,2523113.05,3,3,0,0,2523113.05
25,11,CASH_IN,1069,186973959.63000023,0,0.0,0,0,0,0,0.0
25,11,CASH_OUT,1627,281827136.96999997,6,4089858.08,6,6,0,0,4089858.08
25,11,DEBIT,48,161463.71000000002,0,0.0,0,0,0,0,0.0
25,11,PAYMENT,1699,26026285.369999964,0,0.0,0,0,0,0,0.0
25,11,TRANSFER,451,280269761.62999994,6,4089858.08,6,6,0,0,4089858.08
25,12,CASH_IN,1263,233065280.28000024,0,0.0,0,0,0,0,0.0
25,12,CASH_OUT,2254,387071270.26999956,1,164296.85,1,1,0,0,164296.85
25,12,DEBIT,51,108144.17000000003,0,0.0,0,0,0,0,0.0
25,12,PAYMENT,2054,39072889.56000004,0,0.0,0,0,0,0,0.0
25,12,TRANSFER,623,411281942.69999945,1,164296.85,1,1,0,0,164296.85
25,13,CASH_IN,1330,237211547.79999998,0,0.0,0,0,0,0,0.0
25,13,CASH_OUT,2378,405325816.05000055,4,3597895.7199999997,4,4,0,0,3597895.7199999997
25,13,DEBIT,50,138628.1,0,0.0,0,0,0,0,0.0
25,13,PAYMENT,2148,24147336.250000026,0,0.0,0,0,0,0,0.0
25,13,TRANSFER,678,474670957.29000026,4,3597895.7199999997,4,4,0,0,3597895.7199999997
25,14,CASH_IN,1,319369.53,0,0.0,0,0,0,0,0.0
25,14,CASH_OUT,36,12381758.07,6,8489247.76,6,6,0,0,8489247.76
25,14,PAYMENT,7,94407.72,0,0.0,0,0,0,0,0.0
25,14,TRANSFER,13,10261983.509999998,6,8489247.76,6,6,0,0,8489247.76
25,15,CASH_IN,1330,215205111.30999976,0,0.0,0,0,0,0,0.0
25,15,CASH_OUT,2086,338626454.2499998,5,3953369.7399999998,5,5,0,0,3953369.7399999998
25,15,DEBIT,43,89515.03000000004,0,0.0,0,0,0,0,0.0
25,15,PAYMENT,1446,14632979.390000023,0,0.0,0,0,0,0,0.0
25,15,TRANSFER,468,330407310.65,5,3953369.7399999998,5,5,0,0,3953369.7399999998
25,16,CASH_OUT,2,397923.34,2,397923.34,2,2,0,0,397923.34
25,16,TRANSFER,2,397923.34,2,397923.34,2,2,0,0,397923.34
25,17,CASH_IN,1596,260110447.9500003,0,0.0,0,0,0,0,0.0
25,17,CASH_OUT,2619,397102694.99999976,5,2563218.36,5,5,0,0,2563218.36
25,17,DEBIT,60,170586.54000000004,0,0.0,0,0,0,0,0.0
25,17,PAYMENT,1741,16302015.259999985,0,0.0,0,0,0,0,0.0
25,17,TRANSFER,520,324391602.66999996,5,2563218.36,5,5,0,0,2563218.36
25,18,CASH_IN,1135,176995419.94999996,0,0.0,0,0,0,0,0.0
25,18,CASH_OUT,2061,279523348.3299993,6,4227354.31,6,6,0,0,4227354.31
25,18,DEBIT,47,134706.65999999997,0,0.0,0,0,0,0,0.0
25,18,PAYMENT,1708,15045657.32999999,0,0.0,0,0,0,0,0.0
25,18,TRANSFER,483,254011491.6600001,6,4227354.31,6,6,0,0,4227354.31
25,19,CASH_IN,2055,316579074.1200003,0,0.0,0,0,0,0,0.0
25,19,CASH_OUT,2702,401916243.7799996,4,1216755.62,4,4,0,0,1216755.62
25,19,DEBIT,81,188826.17000000004,0,0.0,0,0,0,0,0.0
25,19,PAYMENT,3558,30739486.089999985,0,0.0,0,0,0,0,0.0
25,19,TRANSFER,923,709806348.1599998,4,1216755.62,4,4,0,0,1216755.62
25,20,CASH_IN,635,94671848.63000001,0,0.0,0,0,0,0,0.0
25,20,CASH_OUT,624,95120812.08,3,1620334.96,3,3,0,0,1620334.96
25,20,DEBIT,12,24982.99,0,0.0,0,0,0,0,0.0
25,20,PAYMENT,996,7800203.419999991,0,0.0,0,0,0,0,0.0
25,20,TRANSFER,219,136674147.23000002,3,1620334.96,3,3,0,0,1620334.96
25,21,CASH_IN,192,31779458.249999993,0,0.0,0,0,0,0,0.0
25,21,CASH_OUT,165,29263632.88,2,6020067.369999999,2,2,0,0,6020067.369999999
25,21,DEBIT,4,4020.69,0,0.0,0,0,0,0,0.0
25,21,PAYMENT,498,4029920.1099999985,0,0.0,0,0,0,0,0.0
25,21,TRANSFER,75,36121146.97999999,2,6020067.369999999,2,2,0,0,6020067.369999999
25,22,CASH_IN,302,49083122.22,0,0.0,0,0,0,0,0.0
25,22,CASH_OUT,271,43832366.17999999,3,1005402.37,3,3,0,0,1005402.37
25,22,DEBIT,22,27396.750000000004,0,0.0,0,0,0,0,0.0
25,22,PAYMENT,1026,7286453.029999998,0,0.0,0,0,0,0,0.0
25,22,TRANSFER,195,86154775.20999995,3,1005402.37,3,3,0,0,1005402.37
25,23,CASH_OUT,9,17907196.009999998,9,17907196.009999998,9,9,0,0,17907196.009999998
25,23,TRANSFER,9,17907196.009999998,9,17907196.009999998,9,9,0,0,17907196.009999998
26,0,CASH_IN,145,24836223.37999999,0,0.0,0,0,0,0,0.0
26,0,CASH_OUT,92,15450157.699999997,5,1735425.02,5,5,0,0,1735425.02
26,0,DEBIT,42,149008.86999999997,0,0.0,0,0,0,0,0.0
26,0,PAYMENT,499,2979014.0100000016,0,0.0,0,0,0,0,0.0
26,0,TRANSFER,87,43252508.380000025,5,1735425.02,12,5,7,0,1735425.02
26,1,CASH_OUT,4,2848992.11,4,2848992.11,4,4,0,0,2848992.11
26,1,TRANSFER,4,2848992.11,4,2848992.11,4,4,0,0,2848992.11
26,2,CASH_OUT,6,9659296.569999998,6,9659296.569999998,6,6,0,0,9659296.569999998
26,2,TRANSFER,6,9659296.569999998,6,9659296.569999998,6,6,0,0,9659296.569999998
26,3,CASH_OUT,4,5868050.66,4,5868050.66,4,4,0,0,5868050.66
26,3,TRANSFER,4,5868050.66,4,5868050.66,4,4,0,0,5868050.66
26,4,CASH_OUT,8,5209131.98,8,5209131.98,8,8,0,0,5209131.98
26,4,TRANSFER,8,5209131.98,8,5209131.98,8,8,0,0,5209131.98
26,5,CASH_OUT,7,14900890.4,7,14900890.4,7,7,0,0,14900890.4
26,5,TRANSFER,7,14900890.4,7,14900890.4,7,7,0,0,14900890.4
26,6,CASH_OUT,4,701345.63,4,701345.63,4,4,0,0,701345.63
26,6,TRANSFER,4,701345.63,4,701345.63,4,4,0,0,701345.63
26,7,CASH_IN,245,43637378.08000001,0,0.0,0,0,0,0,0.0
26,7,CASH_OUT,247,49819669.55000003,8,16679627.04,8,8,0,0,16679627.04
26,7,DEBIT,3,5286.68,0,0.0,0,0,0,0,0.0
26,7,PAYMENT,486,3944730.5099999993,0,0.0,0,0,0,0,0.0
26,7,TRANSFER,101,55756378.58000003,8,16679627.04,8,8,0,0,16679627.04
26,8,CASH_OUT,4,981466.6499999999,4,981466.6499999999,4,4,0,0,981466.6499999999
26,8,TRANSFER,4,981466.6499999999,4,981466.6499999999,4,4,0,0,981466.6499999999
26,9,CASH_IN,317,48349463.21,0,0.0,0,0,0,0,0.0
26,9,CASH_OUT,319,57690372.46999999,6,2634544.23,6,6,0,0,2634544.23
26,9,DEBIT,11,56074.42,0,0.0,0,0,0,0,0.0
26,9,PAYMENT,455,3776846.93,0,0.0,0,0,0,0,0.0
26,9,TRANSFER,97,41822601.49,6,2634544.23,6,6,0,0,2634544.23
26,10,CASH_OUT,7,3507384.9,7,3507384.9,7,7,0,0,3507384.9
26,10,TRANSFER,7,3507384.9,7,3507384.9,7,7,0,0,3507384.9
26,11,CASH_IN,706,119674837.85999997,0,0.0,0,0,0,0,0.0
26,11,CASH_OUT,858,142831790.17000002,6,3638054.05,6,6,0,0,3638054.05
26,11,DEBIT,14,22677.67,0,0.0,0,0,0,0,0.0
26,11,PAYMENT,848,10302967.709999993,0,0.0,0,0,0,0,0.0
26,11,TRANSFER,251,169995561.76000005,6,3638054.05,6,6,0,0,3638054.05
26,12,CASH_IN,1,73881.3,0,0.0,0,0,0,0,0.0
26,12,CASH_OUT,33,11968057.88,10,8488014.75,10,10,0,0,8488014.75
26,12,TRANSFER,11,8672113.94,10,8488014.75,10,10,0,0,8488014.75
26,13,CASH_IN,362,63424550.919999994,0,0.0,0,0,0,0,0.0
26,13,CASH_OUT,346,60073137.88000001,8,10650026.610000001,8,8,0,0,10650026.610000001
26,13,DEBIT,13,62070.409999999996,0,0.0,0,0,0,0,0.0
26,13,PAYMENT,456,4997277.78,0,0.0,0,0,0,0,0.0
26,13,TRANSFER,101,47546703.929999985,8,10650026.610000001,8,8,0,0,10650026.610000001
26,14,CASH_OUT,4,9432148.07,4,9432148.07,4,4,0,0,9432148.07
26,14,TRANSFER,4,9432148.07,4,9432148.07,4,4,0,0,9432148.07
26,15,CASH_OUT,3,8596468.58,3,8596468.58,3,3,0,0,8596468.58
26,15,TRANSFER,3,8596468.58,3,8596468.58,3,3,0,0,8596468.58
26,16,CASH_IN,626,109840076.44999996,0,0.0,0,0,0,0,0.0
26,16,CASH_OUT,965,186682925.6699999,8,43032410.46000001,8,8,0,0,43032410.46000001
26,16,DEBIT,8,13636.560000000001,0,0.0,0,0,0,0,0.0
26,16,PAYMENT,865,12499845.610000003,0,0.0,0,0,0,0,0.0
26,16,TRANSFER,216,182885515.27000004,8,45575074.73000001,8,8,0,0,45575074.73000001
26,17,CASH_OUT,4,2046691.04,4,2046691.04,4,4,0,0,2046691.04
26,17,TRANSFER,4,2046691.04,4,2046691.04,4,4,0,0,2046691.04
26,18,CASH_IN,664,97654850.84999998,0,0.0,0,0,0,0,0.0
26,18,CASH_OUT,1005,131493024.6900001,7,6231937.4799999995,7,7,0,0,6231937.4799999995
26,18,DEBIT,17,29304.85,0,0.0,0,0,0,0,0.0
26,18,PAYMENT,886,8623979.089999996,0,0.0,0,0,0,0,0.0
26,18,TRANSFER,228,141930892.15999997,7,6231937.4799999995,7,7,0,0,6231937.4799999995
26,19,CASH_OUT,4,735292.06,4,735292.06,4,4,0,0,735292.06
26,19,TRANSFER,4,735292.06,4,735292.06,4,4,0,0,735292.06
26,20,CASH_IN,223,32641403.06999999,0,0.0,0,0,0,0,0.0
26,20,CASH_OUT,280,59707329.93999998,9,24211268.64,9,9,0,0,24211268.64
26,20,DEBIT,2,920.44,0,0.0,0,0,0,0,0.0
26,20,PAYMENT,533,4435912.610000002,0,0.0,0,0,0,0,0.0
26,20,TRANSFER,83,70307031.84,9,24211268.64,9,9,0,0,24211268.64
26,21,CASH_OUT,2,833821.48,2,833821.48,2,2,0,0,833821.48
26,21,TRANSFER,2,833821.48,2,833821.48,2,2,0,0,833821.48
26,22,CASH_OUT,3,421336.07999999996,3,421336.07999999996,3,3,0,0,421336.07999999996
26,22,TRANSFER,3,421336.07999999996,3,421336.07999999996,3,3,0,0,421336.07999999996
26,23,CASH_OUT,5,13653540.67,5,13653540.67,5,5,0,0,13653540.67
26,23,TRANSFER,5,13653540.67,5,13653540.67,5,5,0,0,13653540.67
27,0,CASH_OUT,12,29593563.080000002,12,29593563.080000002,12,12,0,0,29593563.080000002
27,0,TRANSFER,12,29593563.080000002,12,29593563.080000002,12,12,0,0,29593563.080000002
27,1,CASH_OUT,3,132700.02,3,132700.02,3,3,0,0,132700.02
27,1,TRANSFER,3,132700.02,3,132700.02,3,3,0,0,132700.02
27,2,CASH_OUT,2,3709541.42,2,3709541.42,2,2,0,0,3709541.42
27,2,TRANSFER,2,3709541.42,2,3709541.42,2,2,0,0,3709541.42
27,3,CASH_OUT,3,1194322.81,3,1194322.81,3,3,0,0,1194322.81
27,3,TRANSFER,3,1194322.81,3,1194322.81,3,3,0,0,1194322.81
27,4,CASH_OUT,10,13650017.27,10,13650017.27,10,10,0,0,13650017.27
27,4,TRANSFER,10,13650017.27,10,13650017.27,10,10,0,0,13650017.27
27,5,CASH_IN,57,8716537.790000001,0,0.0,0,0,0,0,0.0
27,5,CASH_OUT,23,5364217.98,2,745740.3200000001,2,2,0,0,745740.3200000001
27,5,DEBIT,1,399.34,0,0.0,0,0,0,0,0.0
27,5,PAYMENT,51,327467.7,0,0.0,0,0,0,0,0.0
27,5,TRANSFER,18,19223943.68,2,745740.3200000001,5,2,3,0,745740.3200000001
27,6,CASH_OUT,6,17161454.22,6,17161454.22,6,6,0,0,17161454.22
27,6,TRANSFER,6,17161454.22,6,17161454.22,6,6,0,0,17161454.22
27,7,CASH_OUT,4,1022503.0,4,1022503.0,4,4,0,0,1022503.0
27,7,TRANSFER,4,1022503.0,4,1022503.0,4,4,0,0,1022503.0
27,8,CASH_OUT,4,4734841.28,4,4734841.28,4,4,0,0,4734841.28
27,8,TRANSFER,4,4734841.28,4,4734841.28,4,4,0,0,4734841.28
27,9,CASH_OUT,5,9983668.05,5,9983668.05,5,5,0,0,9983668.05
27,9,TRANSFER,5,9983668.05,5,9983668.05,5,5,0,0,9983668.05
27,10,CASH_OUT,8,4878587.120000001,8,4878587.120000001,8,8,0,0,4878587.120000001
27,10,TRANSFER,8,4878587.120000001,8,4878587.120000001,8,8,0,0,4878587.120000001
27,11,CASH_OUT,6,3297438.8,6,3297438.8,6,6,0,0,3297438.8
27,11,TRANSFER,6,3297438.8,6,3297438.8,6,6,0,0,3297438.8
27,12,CASH_IN,839,146024793.22999993,0,0.0,0,0,0,0,0.0
27,12,CASH_OUT,1142,218987964.44000036,6,4753893.2700000005,6,6,0,0,4753893.2700000005
27,12,DEBIT,10,12487.300000000001,0,0.0,0,0,0,0,0.0
27,12,PAYMENT,1032,18987171.959999982,0,0.0,0,0,0,0,0.0
27,12,TRANSFER,367,211965171.65999994,6,4753893.2700000005,6,6,0,0,4753893.2700000005
27,13,CASH_OUT,7,15222545.41,7,15222545.41,7,7,0,0,15222545.41
27,13,TRANSFER,7,15222545.41,7,15222545.41,7,7,0,0,15222545.41
27,14,CASH_OUT,7,1916999.63,7,1916999.63,7,7,0,0,1916999.63
27,14,TRANSFER,7,1916999.63,7,1916999.63,7,7,0,0,1916999.63
27,15,CASH_IN,403,74311891.58000003,0,0.0,0,0,0,0,0.0
27,15,CASH_OUT,527,99964998.19999994,7,3368509.52,7,7,0,0,3368509.52
27,15,DEBIT,1,956.79,0,0.0,0,0,0,0,0.0
27,15,PAYMENT,395,3706544.5900000003,0,0.0,0,0,0,0,0.0
27,15,TRANSFER,72,57476073.47999998,7,3368509.52,7,7,0,0,3368509.52
27,16,CASH_OUT,5,5742423.629999999,5,5742423.629999999,5,5,0,0,5742423.629999999
27,16,TRANSFER,5,5742423.629999999,5,5742423.629999999,5,5,0,0,5742423.629999999
27,17,CASH_IN,280,51093756.99999998,0,0.0,0,0,0,0,0.0
27,17,CASH_OUT,306,51323265.20999999,4,833667.41,4,4,0,0,833667.41
27,17,DEBIT,5,4660.94,0,0.0,0,0,0,0,0.0
27,17,PAYMENT,445,4005746.659999997,0,0.0,0,0,0,0,0.0
27,17,TRANSFER,105,47124361.88999998,4,833667.41,4,4,0,0,833667.41
27,18,CASH_OUT,7,7914849.279999999,7,7914849.279999999,7,7,0,0,7914849.279999999
27,18,TRANSFER,7,7914849.279999999,7,7914849.279999999,7,7,0,0,7914849.279999999
27,19,CASH_IN,514,77168340.54999995,0,0.0,0,0,0,0,0.0
27,19,CASH_OUT,720,119555321.15000005,5,5879997.16,5,5,0,0,5879997.16
27,19,DEBIT,13,19692.649999999994,0,0.0,0,0,0,0,0.0
27,19,PAYMENT,810,8838553.870000008,0,0.0,0,0,0,0,0.0
27,19,TRANSFER,210,125632304.36000001,5,5879997.16,5,5,0,0,5879997.16
27,20,CASH_OUT,5,12139875.790000001,5,12139875.790000001,5,5,0,0,12139875.790000001
27,20,TRANSFER,5,12139875.790000001,5,12139875.790000001,5,5,0,0,12139875.790000001
27,21,CASH_OUT,10,57080280.980000004,10,57080280.980000004,10,10,0,0,57080280.980000004
27,21,TRANSFER,10,67479326.06,10,67479326.06,10,10,0,0,67479326.06
27,22,CASH_OUT,5,4862508.289999999,5,4862508.289999999,5,5,0,0,4862508.289999999
27,22,TRANSFER,5,4862508.289999999,5,4862508.289999999,5,5,0,0,4862508.289999999
27,23,CASH_OUT,7,3778443.76,7,3778443.76,7,7,0,0,3778443.76
27,23,TRANSFER,7,3778443.76,7,3778443.76,7,7,0,0,3778443.76
28,0,CASH_IN,84,16145904.580000002,0,0.0,0,0,0,0,0.0
28,0,CASH_OUT,50,11084637.31,5,2055395.7800000003,5,5,0,0,2055395.7800000003
28,0,DEBIT,12,34295.600000000006,0,0.0,0,0,0,0,0.0
28,0,PAYMENT,98,413030.27999999997,0,0.0,0,0,0,0,0.0
28,0,TRANSFER,19,9981919.45,5,2055395.7800000003,7,5,2,0,2055395.7800000003
28,1,CASH_OUT,8,7726509.549999999,8,7726509.549999999,8,8,0,0,7726509.549999999
28,1,TRANSFER,8,7726509.549999999,8,7726509.549999999,8,8,0,0,7726509.549999999
28,2,CASH_OUT,5,13724670.16,5,13724670.16,5,5,0,0,13724670.16
28,2,TRANSFER,5,13724670.16,5,13724670.16,5,5,0,0,13724670.16
28,3,CASH_OUT,7,6900055.88,7,6900055.88,7,7,0,0,6900055.88
28,3,TRANSFER,7,6900055.88,7,6900055.88,7,7,0,0,6900055.88
28,4,CASH_OUT,4,1667944.6099999999,4,1667944.6099999999,4,4,0,0,1667944.6099999999
28,4,TRANSFER,4,1667944.6099999999,4,1667944.6099999999,4,4,0,0,1667944.6099999999
28,5,CASH_OUT,4,2122159.95,4,2122159.95,4,4,0,0,2122159.95
28,5,TRANSFER,4,2122159.95,4,2122159.95,4,4,0,0,2122159.95
28,6,CASH_OUT,2,299407.39,2,299407.39,2,2,0,0,299407.39
28,6,TRANSFER,2,299407.39,2,299407.39,2,2,0,0,299407.39
28,7,CASH_IN,413,63835090.32000001,0,0.0,0,0,0,0,0.0
28,7,CASH_OUT,477,92632158.88999996,8,11258067.520000001,8,8,0,0,11258067.520000001
28,7,DEBIT,14,18849.719999999998,0,0.0,0,0,0,0,0.0
28,7,PAYMENT,879,6264169.369999995,0,0.0,0,0,0,0,0.0
28,7,TRANSFER,182,97103388.3,8,11258067.520000001,8,8,0,0,11258067.520000001
28,8,CASH_OUT,5,6449236.86,5,6449236.86,5,5,0,0,6449236.86
28,8,TRANSFER,5,6449236.86,5,6449236.86,5,5,0,0,6449236.86
28,9,CASH_OUT,7,11274442.670000002,7,11274442.670000002,7,7,0,0,11274442.670000002
28,9,TRANSFER,7,11274442.670000002,7,11274442.670000002,7,7,0,0,11274442.670000002
28,10,CASH_IN,685,121939380.65000002,0,0.0,0,0,0,0,0.0
28,10,CASH_OUT,764,148550985.20000008,5,4684447.33,5,5,0,0,4684447.33
28,10,DEBIT,13,32545.149999999994,0,0.0,0,0,0,0,0.0
28,10,PAYMENT,767,7687764.080000004,0,0.0,0,0,0,0,0.0
28,10,TRANSFER,271,595466276.6700003,5,4684447.33,5,5,0,0,4684447.33
28,11,CASH_OUT,6,968848.8899999999,6,968848.8899999999,6,6,0,0,968848.8899999999
28,11,TRANSFER,6,968848.8899999999,6,968848.8899999999,6,6,0,0,968848.8899999999
28,12,CASH_IN,1115,206063647.24,0,0.0,0,0,0,0,0.0
28,12,CASH_OUT,1577,335801850.12,4,19462154.380000003,4,4,0,0,19462154.380000003
28,12,DEBIT,19,155146.86999999997,0,0.0,0,0,0,0,0.0
28,12,PAYMENT,1604,17791262.57999999,0,0.0,0,0,0,0,0.0
28,12,TRANSFER,562,341629018.33,4,19462154.380000003,4,4,0,0,19462154.380000003
28,13,CASH_OUT,1,1468304.35,1,1468304.35,1,1,0,0,1468304.35
28,13,TRANSFER,1,1468304.35,1,1468304.35,1,1,0,0,1468304.35
28,14,CASH_OUT,5,1621036.1500000001,5,1621036.1500000001,5,5,0,0,1621036.1500000001
28,14,TRANSFER,5,1621036.1500000001,5,1621036.1500000001,5,5,0,0,1621036.1500000001
28,15,CASH_IN,295,55368969.810000025,0,0.0,0,0,0,0,0.0
28,15,CASH_OUT,342,72768872.94000006,10,15216892.95,10,10,0,0,15216892.95
28,15,DEBIT,3,3252.67,0,0.0,0,0,0,0,0.0
28,15,PAYMENT,401,4629010.470000003,0,0.0,0,0,0,0,0.0
28,15,TRANSFER,84,73751748.05000001,10,15216892.95,10,10,0,0,15216892.95
28,16,CASH_OUT,5,4452408.65,5,4452408.65,5,5,0,0,4452408.65
28,16,TRANSFER,5,4452408.65,5,4452408.65,5,5,0,0,4452408.65
28,17,CASH_OUT,3,763643.55,3,763643.55,3,3,0,0,763643.55
28,17,TRANSFER,3,763643.55,3,763643.55,3,3,0,0,763643.55
28,18,CASH_IN,386,58580738.28000004,0,0.0,0,0,0,0,0.0
28,18,CASH_OUT,474,64846733.430000015,3,662348.74,3,3,0,0,662348.74
28,18,DEBIT,7,9965.58,0,0.0,0,0,0,0,0.0
28,18,PAYMENT,440,3903664.1900000013,0,0.0,0,0,0,0,0.0
28,18,TRANSFER,93,52629355.92000003,3,662348.74,3,3,0,0,662348.74
28,19,CASH_OUT,4,13445251.399999999,4,13445251.399999999,4,4,0,0,13445251.399999999
28,19,TRANSFER,4,13445251.399999999,4,13445251.399999999,4,4,0,0,13445251.399999999
28,20,CASH_IN,152,25036325.560000006,0,0.0,0,0,0,0,0.0
28,20,CASH_OUT,76,19235294.250000004,4,5663817.369999999,4,4,0,0,5663817.369999999
28,20,DEBIT,2,1680.0700000000002,0,0.0,0,0,0,0,0.0
28,20,PAYMENT,73,632877.3099999999,0,0.0,0,0,0,0,0.0
28,20,TRANSFER,19,13907701.0,4,5663817.369999999,4,4,0,0,5663817.369999999
28,21,CASH_IN,409,63813145.62000005,0,0.0,0,0,0,0,0.0
28,21,CASH_OUT,363,74013671.13000004,6,17079481.13,6,6,0,0,17079481.13
28,21,DEBIT,24,32422.780000000002,0,0.0,0,0,0,0,0.0
28,21,PAYMENT,947,7830774.650000005,0,0.0,0,0,0,0,0.0
28,21,TRANSFER,163,91961995.80999997,6,17079481.13,6,6,0,0,17079481.13
28,22,CASH_OUT,9,30443461.62,9,30443461.62,9,9,0,0,30443461.62
28,22,TRANSFER,9,33884503.080000006,9,33884503.080000006,9,9,0,0,33884503.080000006
28,23,CASH_IN,37,6140267.08,0,0.0,0,0,0,0,0.0
28,23,CASH_OUT,31,13334203.120000003,4,7805505.569999999,4,4,0,0,7805505.569999999
28,23,DEBIT,2,1387.93,0,0.0,0,0,0,0,0.0
28,23,PAYMENT,56,250185.23000000007,0,0.0,0,0,0,0,0.0
28,23,TRANSFER,27,21306669.349999998,4,7805505.569999999,4,4,0,0,7805505.569999999
29,0,CASH_IN,128,19411637.51000001,0,0.0,0,0,0,0,0.0
29,0,CASH_OUT,54,10940005.659999998,6,2979061.24,6,6,0,0,2979061.24
29,0,DEBIT,20,54155.470000000016,0,0.0,0,0,0,0,0.0
29,0,PAYMENT,224,1594038.7300000002,0,0.0,0,0,0,0,0.0
29,0,TRANSFER,19,14009202.240000002,6,2979061.24,8,6,2,0,2979061.24
29,1,CASH_OUT,7,21013979.12,7,21013979.12,7,7,0,0,21013979.12
29,1,TRANSFER,7,21013979.12,7,21013979.12,7,7,0,0,21013979.12
29,2,CASH_OUT,17,16988478.21,5,14857840.9,5,5,0,0,14857840.9
29,2,PAYMENT,5,8137.98,0,0.0,0,0,0,0,0.0
29,2,TRANSFER,8,25256685.629999995,5,14857840.9,6,5,1,0,14857840.9
29,3,CASH_OUT,4,9058945.56,4,9058945.56,4,4,0,0,9058945.56
29,3,TRANSFER,4,9058945.56,4,9058945.56,4,4,0,0,9058945.56
29,4,CASH_OUT,4,22032550.180000003,4,22032550.180000003,4,4,0,0,22032550.180000003
29,4,TRANSFER,4,22032550.180000003,4,22032550.180000003,4,4,0,0,22032550.180000003
29,5,CASH_OUT,3,2480927.1799999997,3,2480927.1799999997,3,3,0,0,2480927.1799999997
29,5,TRANSFER,3,2480927.1799999997,3,2480927.1799999997,3,3,0,0,2480927.1799999997
29,6,CASH_IN,6,1062088.2,0,0.0,0,0,0,0,0.0
29,6,CASH_OUT,17,6096468.469999999,3,3752096.4899999998,3,3,0,0,3752096.4899999998
29,6,DEBIT,1,8760.24,0,0.0,0,0,0,0,0.0
29,6,PAYMENT,35,172174.67,0,0.0,0,0,0,0,0.0
29,6,TRANSFER,13,17709155.400000002,3,3752096.4899999998,6,3,3,0,3752096.4899999998
29,7,CASH_OUT,11,30057295.360000003,11,30057295.360000003,11,11,0,0,30057295.360000003
29,7,TRANSFER,11,30057295.360000003,11,30057295.360000003,11,11,0,0,30057295.360000003
29,8,CASH_IN,1112,189810228.88000023,0,0.0,0,0,0,0,0.0
29,8,CASH_OUT,1500,295582366.8199998,2,8912024.04,2,2,0,0,8912024.04
29,8,DEBIT,20,129741.58000000002,0,0.0,0,0,0,0,0.0
29,8,PAYMENT,1546,18907022.18000003,0,0.0,0,0,0,0,0.0
29,8,TRANSFER,525,405805904.8300001,2,8912024.04,2,2,0,0,8912024.04
29,9,CASH_OUT,3,438781.17000000004,3,438781.17000000004,3,3,0,0,438781.17000000004
29,9,TRANSFER,3,438781.17000000004,3,438781.17000000004,3,3,0,0,438781.17000000004
29,10,CASH_IN,505,90643485.62000003,0,0.0,0,0,0,0,0.0
29,10,CASH_OUT,813,163126381.79000005,4,6747262.080000001,4,4,0,0,6747262.080000001
29,10,DEBIT,9,39157.88,0,0.0,0,0,0,0,0.0
29,10,PAYMENT,642,7686734.389999996,0,0.0,0,0,0,0,0.0
29,10,TRANSFER,223,197749245.49000004,4,6747262.080000001,4,4,0,0,6747262.080000001
29,11,CASH_IN,1133,202465417.63999978,0,0.0,0,0,0,0,0.0
29,11,CASH_OUT,1519,273429014.59999967,4,2135838.59,4,4,0,0,2135838.59
29,11,DEBIT,20,47872.979999999996,0,0.0,0,0,0,0,0.0
29,11,PAYMENT,1418,20709474.080000013,0,0.0,0,0,0,0,0.0
29,11,TRANSFER,472,987698262.5000004,4,2135838.59,4,4,0,0,2135838.59
29,12,CASH_OUT,7,23772266.990000002,7,23772266.990000002,7,7,0,0,23772266.990000002
29,12,TRANSFER,7,23772266.990000002,7,23772266.990000002,7,7,0,0,23772266.990000002
29,13,CASH_IN,1070,194158656.17,0,0.0,0,0,0,0,0.0
29,13,CASH_OUT,1604,325469565.6499998,8,6091660.77,8,8,0,0,6091660.77
29,13,DEBIT,32,78275.7,0,0.0,0,0,0,0,0.0
29,13,PAYMENT,1505,18508411.249999993,0,0.0,0,0,0,0,0.0
29,13,TRANSFER,478,293600647.08000016,8,6091660.77,8,8,0,0,6091660.77
29,14,CASH_IN,1916,329812941.52000076,0,0.0,0,0,0,0,0.0
29,14,CASH_OUT,2801,517562105.23999965,4,3935205.3299999996,4,4,0,0,3935205.3299999996
29,14,DEBIT,82,321309.13,0,0.0,0,0,0,0,0.0
29,14,PAYMENT,2476,29875144.449999984,0,0.0,0,0,0,0,0.0
29,14,TRANSFER,765,489141887.16999996,4,3935205.3299999996,4,4,0,0,3935205.3299999996
29,15,CASH_IN,1895,325069889.3299997,0,0.0,0,0,0,0,0.0
29,15,CASH_OUT,2767,493631783.8399995,4,9825381.610000001,4,4,0,0,9825381.610000001
29,15,DEBIT,59,181336.43,0,0.0,0,0,0,0,0.0
29,15,PAYMENT,2421,30201589.040000018,0,0.0,0,0,0,0,0.0
29,15,TRANSFER,743,338281286.9099999,4,9825381.610000001,4,4,0,0,9825381.610000001
29,16,CASH_OUT,7,10136703.440000003,7,10136703.440000003,7,7,0,0,10136703.440000003
29,16,TRANSFER,7,10136703.440000003,7,10136703.440000003,7,7,0,0,10136703.440000003
29,17,CASH_IN,1109,182787792.87999985,0,0.0,0,0,0,0,0.0
29,17,CASH_OUT,1800,291127352.1899997,6,8952084.58,6,6,0,0,8952084.58
29,17,DEBIT,24,71759.37,0,0.0,0,0,0,0,0.0
29,17,PAYMENT,1565,17597785.499999996,0,0.0,0,0,0,0,0.0
29,17,TRANSFER,474,210707542.00000015,6,8952084.58,6,6,0,0,8952084.58
29,18,CASH_IN,1128,165599977.7100005,0,0.0,0,0,0,0,0.0
29,18,CASH_OUT,1648,229550279.21,6,2837791.6900000004,6,6,0,0,2837791.6900000004
29,18,DEBIT,24,60220.81,0,0.0,0,0,0,0,0.0
29,18,PAYMENT,1575,20560469.449999962,0,0.0,0,0,0,0,0.0
29,18,TRANSFER,434,199050577.11000007,6,2837791.6900000004,6,6,0,0,2837791.6900000004
29,19,CASH_IN,1529,225348925.59000003,0,0.0,0,0,0,0,0.0
29,19,CASH_OUT,2309,337320374.4400006,10,21829387.84,10,10,0,0,21829387.84
29,19,DEBIT,44,123877.26000000002,0,0.0,0,0,0,0,0.0
29,19,PAYMENT,2411,35255911.33,0,0.0,0,0,0,0,0.0
29,19,TRANSFER,605,235529909.09999973,10,21829387.84,10,10,0,0,21829387.84
29,20,CASH_OUT,2,1482536.51,2,1482536.51,2,2,0,0,1482536.51
29,20,TRANSFER,2,1482536.51,2,1482536.51,2,2,0,0,1482536.51
29,21,CASH_IN,528,79563679.04999991,0,0.0,0,0,0,0,0.0
29,21,CASH_OUT,596,107086944.63000003,12,25959570.37,12,12,0,0,25959570.37
29,21,DEBIT,42,162751.55000000005,0,0.0,0,0,0,0,0.0
29,21,PAYMENT,1234,13863823.099999983,0,0.0,0,0,0,0,0.0
29,21,TRANSFER,264,126919903.90999995,12,25959570.37,12,12,0,0,25959570.37
29,22,CASH_IN,623,96416028.44999997,0,0.0,0,0,0,0,0.0
29,22,CASH_OUT,469,72929388.25000003,5,10493140.89,5,5,0,0,10493140.89
29,22,DEBIT,85,284017.42999999993,0,0.0,0,0,0,0,0.0
29,22,PAYMENT,1376,10594389.170000013,0,0.0,0,0,0,0,0.0
29,22,TRANSFER,274,102756562.18,5,10493140.89,5,5,0,0,10493140.89
29,23,CASH_OUT,3,1191055.4,3,1191055.4,3,3,0,0,1191055.4
29,23,TRANSFER,3,1191055.4,3,1191055.4,3,3,0,0,1191055.4
30,0,CASH_OUT,6,3894327.1399999997,6,3894327.1399999997,6,6,0,0,3894327.1399999997
30,0,TRANSFER,6,3894327.1399999997,6,3894327.1399999997,6,6,0,0,3894327.1399999997
30,1,CASH_OUT,28,31421731.269999996,8,28245766.299999997,8,8,0,0,28245766.299999997
30,1,DEBIT,1,323.3,0,0.0,0,0,0,0,0.0
30,1,PAYMENT,8,82687.57999999999,0,0.0,0,0,0,0,0.0
30,1,TRANSFER,28,38531560.739999995,8,28245766.299999997,11,8,3,0,28245766.299999997
30,2,CASH_OUT,18,5162624.32,8,3875493.88,8,8,0,0,3875493.88
30,2,DEBIT,2,1861.51,0,0.0,0,0,0,0,0.0
30,2,PAYMENT,11,39595.24,0,0.0,0,0,0,0,0.0
30,2,TRANSFER,24,11186146.08,8,3875493.88,11,8,3,0,3875493.88
30,3,CASH_OUT,3,1094960.3299999998,3,1094960.3299999998,3,3,0,0,1094960.3299999998
30,3,TRANSFER,3,1094960.3299999998,3,1094960.3299999998,3,3,0,0,1094960.3299999998
30,4,CASH_OUT,9,12910278.49,9,12910278.49,9,9,0,0,12910278.49
30,4,TRANSFER,9,12910278.49,9,12910278.49,9,9,0,0,12910278.49
30,5,CASH_OUT,7,31122791.060000002,7,31122791.060000002,7,7,0,0,31122791.060000002
30,5,TRANSFER,7,34293876.650000006,7,34293876.650000006,7,7,0,0,34293876.650000006
30,6,CASH_OUT,4,7361533.0200000005,4,7361533.0200000005,4,4,0,0,7361533.0200000005
30,6,TRANSFER,4,7361533.0200000005,4,7361533.0200000005,4,4,0,0,7361533.0200000005
30,7,CASH_OUT,8,15512878.43,8,15512878.43,8,8,0,0,15512878.43
30,7,TRANSFER,8,15512878.43,8,15512878.43,8,8,0,0,15512878.43
30,8,CASH_IN,668,108849187.57999986,0,0.0,0,0,0,0,0.0
30,8,CASH_OUT,726,122074732.36999997,5,1915608.18,5,5,0,0,1915608.18
30,8,DEBIT,15,140835.78,0,0.0,0,0,0,0,0.0
30,8,PAYMENT,745,8621512.469999999,0,0.0,0,0,0,0,0.0
30,8,TRANSFER,208,121685060.9,5,1915608.18,5,5,0,0,1915608.18
30,9,CASH_OUT,2,1200551.45,2,1200551.45,2,2,0,0,1200551.45
30,9,TRANSFER,2,1200551.45,2,1200551.45,2,2,0,0,1200551.45
30,10,CASH_IN,94,15186604.339999994,0,0.0,0,0,0,0,0.0
30,10,CASH_OUT,111,25548259.06,5,5627982.64,5,5,0,0,5627982.64
30,10,DEBIT,1,2638.03,0,0.0,0,0,0,0,0.0
30,10,PAYMENT,66,1056100.2700000005,0,0.0,0,0,0,0,0.0
30,10,TRANSFER,37,17318430.35,5,5627982.64,5,5,0,0,5627982.64
30,11,CASH_OUT,2,3229672.4299999997,2,3229672.4299999997,2,2,0,0,3229672.4299999997
30,11,TRANSFER,2,3229672.4299999997,2,3229672.4299999997,2,2,0,0,3229672.4299999997
30,12,CASH_IN,541,96340293.40000004,0,0.0,0,0,0,0,0.0
30,12,CASH_OUT,864,155619393.1699996,4,410502.42000000004,4,4,0,0,410502.42000000004
30,12,DEBIT,26,92449.25000000001,0,0.0,0,0,0,0,0.0
30,12,PAYMENT,690,12587185.630000003,0,0.0,0,0,0,0,0.0
30,12,TRANSFER,192,95474063.93999994,4,410502.42000000004,4,4,0,0,410502.42000000004
30,13,CASH_IN,369,67316732.96000002,0,0.0,0,0,0,0,0.0
30,13,CASH_OUT,751,195319377.04000005,7,38846334.59,7,7,0,0,38846334.59
30,13,DEBIT,14,66411.27,0,0.0,0,0,0,0,0.0
30,13,PAYMENT,496,10172922.030000001,0,0.0,0,0,0,0,0.0
30,13,TRANSFER,158,105700865.20999996,7,38846334.59,7,7,0,0,38846334.59
30,14,CASH_OUT,4,7185662.58,4,7185662.58,4,4,0,0,7185662.58
30,14,TRANSFER,4,7185662.58,4,7185662.58,4,4,0,0,7185662.58
30,15,CASH_IN,3,738826.44,0,0.0,0,0,0,0,0.0
30,15,CASH_OUT,12,3019477.2800000003,6,1243804.2399999998,6,6,0,0,1243804.2399999998
30,15,PAYMENT,2,60565.850000000006,0,0.0,0,0,0,0,0.0
30,15,TRANSFER,6,1243804.2399999998,6,1243804.2399999998,6,6,0,0,1243804.2399999998
30,16,CASH_OUT,4,7059762.65,4,7059762.65,4,4,0,0,7059762.65
30,16,TRANSFER,4,7059762.65,4,7059762.65,4,4,0,0,7059762.65
30,17,CASH_IN,139,25905093.81,0,0.0,0,0,0,0,0.0
30,17,CASH_OUT,287,62622889.31,7,12232959.86,7,7,0,0,12232959.86
30,17,DEBIT,8,34414.79,0,0.0,0,0,0,0,0.0
30,17,PAYMENT,193,1671724.9600000007,0,0.0,0,0,0,0,0.0
30,17,TRANSFER,54,34741139.07000001,7,12232959.86,7,7,0,0,12232959.86
30,18,CASH_IN,390,55677872.640000015,0,0.0,0,0,0,0,0.0
30,18,CASH_OUT,843,129664935.98000015,5,10996110.33,5,5,0,0,10996110.33
30,18,DEBIT,16,91046.84999999999,0,0.0,0,0,0,0,0.0
30,18,PAYMENT,505,5286427.619999996,0,0.0,0,0,0,0,0.0
30,18,TRANSFER,125,55604988.39999999,5,10996110.33,5,5,0,0,10996110.33
30,19,CASH_IN,17,2139821.31,0,0.0,0,0,0,0,0.0
30,19,CASH_OUT,60,17222116.229999997,4,9700828.559999999,4,4,0,0,9700828.559999999
30,19,DEBIT,1,12230.3,0,0.0,0,0,0,0,0.0
30,19,PAYMENT,47,259236.03000000006,0,0.0,0,0,0,0,0.0
30,19,TRANSFER,15,13275870.779999997,4,9700828.559999999,4,4,0,0,9700828.559999999
30,20,CASH_IN,112,10344989.010000002,0,0.0,0,0,0,0,0.0
30,20,CASH_OUT,165,27545211.38000001,6,10807802.98,6,6,0,0,10807802.98
30,20,DEBIT,11,25364.21,0,0.0,0,0,0,0,0.0
30,20,PAYMENT,298,2349199.730000002,0,0.0,0,0,0,0,0.0
30,20,TRANSFER,46,17375153.480000004,6,10807802.98,6,6,0,0,10807802.98
30,21,CASH_IN,86,8917419.730000002,0,0.0,0,0,0,0,0.0
30,21,CASH_OUT,121,36373053.77000002,8,22001809.349999998,8,8,0,0,22001809.349999998
30,21,DEBIT,30,42846.31,0,0.0,0,0,0,0,0.0
30,21,PAYMENT,621,5207230.73,0,0.0,0,0,0,0,0.0
30,21,TRANSFER,60,27655347.99,8,22001809.349999998,8,8,0,0,22001809.349999998
30,22,CASH_OUT,7,9629677.82,7,9629677.82,7,7,0,0,9629677.82
30,22,TRANSFER,7,9629677.82,7,9629677.82,7,7,0,0,9629677.82
30,23,CASH_OUT,5,808623.2299999999,5,808623.2299999999,5,5,0,0,808623.2299999999
30,23,TRANSFER,5,808623.2299999999,5,808623.2299999999,5,5,0,0,808623.2299999999
31,0,CASH_OUT,2,94856.18,2,94856.18,2,2,0,0,94856.18
31,0,TRANSFER,2,94856.18,2,94856.18,2,2,0,0,94856.18
31,1,CASH_OUT,5,4755657.79,5,4755657.79,5,5,0,0,4755657.79
31,1,TRANSFER,5,4755657.79,5,4755657.79,5,5,0,0,4755657.79
31,2,CASH_OUT,7,10461546.51,7,10461546.51,7,7,0,0,10461546.51
31,2,TRANSFER,7,10461546.51,7,10461546.51,7,7,0,0,10461546.51
31,3,CASH_OUT,7,3060056.88,7,3060056.88,7,7,0,0,3060056.88
31,3,TRANSFER,7,3060056.88,7,3060056.88,7,7,0,0,3060056.88
31,4,CASH_OUT,2,996581.85,2,996581.85,2,2,0,0,996581.85
31,4,TRANSFER,2,996581.85,2,996581.85,2,2,0,0,996581.85
31,5,CASH_OUT,11,10106992.200000001,11,10106992.200000001,11,11,0,0,10106992.200000001
31,5,TRANSFER,11,10106992.200000001,11,10106992.200000001,11,11,0,0,10106992.200000001
31,6,CASH_OUT,6,7926108.55,6,7926108.55,6,6,0,0,7926108.55
31,6,TRANSFER,6,7926108.55,6,7926108.55,6,6,0,0,7926108.55
31,7,CASH_OUT,5,10828032.62,5,10828032.62,5,5,0,0,10828032.62
31,7,TRANSFER,5,10828032.62,5,10828032.62,5,5,0,0,10828032.62
31,8,CASH_OUT,2,1192978.2899999998,2,1192978.2899999998,2,2,0,0,1192978.2899999998
31,8,TRANSFER,2,1192978.2899999998,2,1192978.2899999998,2,2,0,0,1192978.2899999998
31,9,CASH_OUT,14,48843590.0,14,48843590.0,14,14,0,0,48843590.0
31,9,TRANSFER,14,66159845.05,14,66159845.05,14,14,0,0,66159845.05
31,10,CASH_OUT,8,1940477.67,8,1940477.67,8,8,0,0,1940477.67
31,10,TRANSFER,8,1940477.67,8,1940477.67,8,8,0,0,1940477.67
31,11,CASH_OUT,5,2195975.46,5,2195975.46,5,5,0,0,2195975.46
31,11,TRANSFER,5,2195975.46,5,2195975.46,5,5,0,0,2195975.46
31,12,CASH_OUT,5,3056601.64,5,3056601.64,5,5,0,0,3056601.64
31,12,TRANSFER,5,3056601.64,5,3056601.64,5,5,0,0,3056601.64
31,13,CASH_OUT,4,13913703.18,4,13913703.18,4,4,0,0,13913703.18
31,13,TRANSFER,4,13913703.18,4,13913703.18,4,4,0,0,13913703.18
31,14,CASH_OUT,6,1577761.66,6,1577761.66,6,6,0,0,1577761.66
31,14,TRANSFER,6,1577761.66,6,1577761.66,6,6,0,0,1577761.66
31,15,CASH_OUT,7,16265483.670000002,7,16265483.670000002,7,7,0,0,16265483.670000002
31,15,TRANSFER,7,16265483.670000002,7,16265483.670000002,7,7,0,0,16265483.670000002
31,16,CASH_OUT,5,4780059.94,5,4780059.94,5,5,0,0,4780059.94
31,16,TRANSFER,5,4780059.94,5,4780059.94,5,5,0,0,4780059.94
31,17,CASH_OUT,5,1441851.49,5,1441851.49,5,5,0,0,1441851.49
31,17,TRANSFER,5,1441851.49,5,1441851.49,5,5,0,0,1441851.49
31,18,CASH_OUT,5,8293915.68,5,8293915.68,5,5,0,0,8293915.68
31,18,TRANSFER,5,8293915.68,5,8293915.68,5,5,0,0,8293915.68
31,19,CASH_OUT,3,3816481.79,3,3816481.79,3,3,0,0,3816481.79
31,19,TRANSFER,3,3816481.79,3,3816481.79,3,3,0,0,3816481.79
31,20,CASH_OUT,11,41077222.550000004,11,41077222.550000004,11,11,0,0,41077222.550000004
31,20,TRANSFER,11,46751770.440000005,11,46751770.440000005,11,11,0,0,46751770.440000005
31,21,CASH_OUT,7,7161867.600000001,7,7161867.600000001,7,7,0,0,7161867.600000001
31,21,TRANSFER,7,7161867.600000001,7,7161867.600000001,7,7,0,0,7161867.600000001
31,22,CASH_OUT,4,8759912.75,4,8759912.75,4,4,0,0,8759912.75
31,22,TRANSFER,4,8759912.75,4,8759912.75,4,4,0,0,8759912.75
